<?xml version="1.0" encoding="UTF-8"?><ValueSet xmlns="http://hl7.org/fhir"><id value="valuset-SponsorIdentifierType"/><text><status value="generated"/><div xmlns="http://www.w3.org/1999/xhtml"><ul><li>Include these codes as defined in <code>urn:oid:2.16.840.1.113883.3.26.1.1</code><table class="none"><tr><td style="white-space:nowrap"><b>Code</b></td><td><b>Display</b></td></tr><tr><td>C134005</td><td>CFN</td></tr><tr><td>C134003</td><td>DUNS</td></tr><tr><td>C134004</td><td>FEI</td></tr><tr><td>C17998</td><td>Unknown</td></tr></table></li></ul></div></text><url value="https://www.hl7.org/fhir/us-pq-cmc/ValueSet/valuset-SponsorIdentifierType"/><version value="current"/><name value="SponsorIdentifierType"/><title value="PQ/CMC Sponsor Identifier Type Terminology"/><status value="active"/><date value="2021-04-13T00:29:45-04:00"/><publisher value="Food and Drug Administration (FDA) and the National Cancer Institute&#39;s Thesaurus (NCIt)"/><description value="Terminology used to qualify the information pertaining to sponsor identifier types in the framework of the Pharmaceutical Quality/Chemistry, Manufacturing and Controls documents."/><compose><include><system value="urn:oid:2.16.840.1.113883.3.26.1.1"/><concept><code value="C134005"/><display value="CFN"/></concept><concept><code value="C134003"/><display value="DUNS"/></concept><concept><code value="C134004"/><display value="FEI"/></concept><concept><code value="C17998"/><display value="Unknown"/></concept></include></compose></ValueSet>