<?xml version="1.0" encoding="UTF-8"?><ValueSet xmlns="http://hl7.org/fhir"><id value="valuset-ApplicationSubmissionType"/><text><status value="generated"/><div xmlns="http://www.w3.org/1999/xhtml"><ul><li>Include these codes as defined in <code>urn:oid:2.16.840.1.113883.3.26.1.1</code><table class="none"><tr><td style="white-space:nowrap"><b>Code</b></td><td><b>Display</b></td></tr><tr><td>C176802</td><td>Amendment to INDs</td></tr><tr><td>C176803</td><td>Amendment to Master Files</td></tr><tr><td>C176796</td><td>Amendment to Original</td></tr><tr><td>C176798</td><td>Amendment to Supplement</td></tr><tr><td>C70860</td><td>Original</td></tr><tr><td>C176797</td><td>Supplement to Original</td></tr></table></li></ul></div></text><url value="https://www.hl7.org/fhir/us-pq-cmc/ValueSet/valuset-ApplicationSubmissionType"/><version value="current"/><name value="ApplicationSubmissionType"/><title value="PQ/CMC Application Submission Type Terminology"/><status value="active"/><date value="2021-04-13T00:29:45-04:00"/><publisher value="Food and Drug Administration (FDA) and the National Cancer Institute&#39;s Thesaurus (NCIt)"/><description value="Terminology used to qualify the information pertaining to application submission types in the framework of the Pharmaceutical Quality/Chemistry, Manufacturing and Controls documents."/><jurisdiction><coding><system value="urn:iso:std:iso:3166"/><code value="840"/></coding></jurisdiction><compose><include><system value="urn:oid:2.16.840.1.113883.3.26.1.1"/><concept><code value="C176802"/><display value="Amendment to INDs"/></concept><concept><code value="C176803"/><display value="Amendment to Master Files"/></concept><concept><code value="C176796"/><display value="Amendment to Original"/></concept><concept><code value="C176798"/><display value="Amendment to Supplement"/></concept><concept><code value="C70860"/><display value="Original"/></concept><concept><code value="C176797"/><display value="Supplement to Original"/></concept></include></compose></ValueSet>