<?xml version="1.0" encoding="UTF-8"?><ValueSet xmlns="http://hl7.org/fhir"><id value="vsPqcmccStrengthOperatorTerminology"/><text><status value="generated"/><div xmlns="http://www.w3.org/1999/xhtml"><ul><li>Include these codes as defined in <code>http://ncicb.nci.nih.gov/xml/owl/EVS/Thesaurus.owl</code><table class="none"><tr><td style="white-space:nowrap"><b>Code</b></td><td><b>Display</b></td></tr><tr><td>C48793</td><td>EQ</td></tr><tr><td>C61585</td><td>LT (less than)</td></tr><tr><td>C61584</td><td>MT (more than)</td></tr><tr><td>C61583</td><td>NLT (not less than)</td></tr><tr><td>C61586</td><td>NMT (not more than)</td></tr><tr><td>C48660</td><td>Not Applicable</td></tr></table></li></ul></div></text><url value="http://example.org/ValueSet/vsPqcmccStrengthOperatorTerminology"/><version value="0.1.0"/><name value="PqcmcStrengthOperatorTerminology"/><status value="active"/><date value="2021-12-07T01:03:31-05:00"/><publisher value="Example Publisher"/><contact><name value="Example Publisher"/><telecom><system value="url"/><value value="http://example.org/example-publisher"/></telecom></contact><description value="Terminology used to qualify the information pertaining to strength operators in the framework of the Pharmaceutical Quality/Chemistry, Manufacturing and Controls documents."/><compose><include><system value="http://ncicb.nci.nih.gov/xml/owl/EVS/Thesaurus.owl"/><concept><code value="C48793"/><display value="EQ"/></concept><concept><code value="C61585"/><display value="LT (less than)"/></concept><concept><code value="C61584"/><display value="MT (more than)"/></concept><concept><code value="C61583"/><display value="NLT (not less than)"/></concept><concept><code value="C61586"/><display value="NMT (not more than)"/></concept><concept><code value="C48660"/><display value="Not Applicable"/></concept></include></compose></ValueSet>