<?xml version="1.0" encoding="UTF-8"?><ValueSet xmlns="http://hl7.org/fhir"><id value="valuset-DrugSubstanceProductIndicator"/><text><status value="generated"/><div xmlns="http://www.w3.org/1999/xhtml"><ul><li>Include these codes as defined in <code>http://ncicb.nci.nih.gov/xml/owl/EVS/Thesaurus.owl</code><table class="none"><tr><td style="white-space:nowrap"><b>Code</b></td><td><b>Display</b></td></tr><tr><td>C1909</td><td>Product</td></tr><tr><td>C45306</td><td>SUBSTANCE</td></tr></table></li></ul></div></text><url value="https://www.hl7.org/fhir/us-pq-cmc/ValueSet/valuset-DrugSubstanceProductIndicator"/><version value="current"/><name value="DrugSubstanceProductIndicator"/><title value="PQ/CMC Drug Substance Product Indicator Terminology"/><status value="active"/><date value="2021-11-05T20:46:56-04:00"/><publisher value="Food and Drug Administration (FDA) and the National Cancer Institute&#39;s Thesaurus (NCIt)"/><description value="Terminology used to qualify the information pertaining to drug substance product indicators in the framework of the Pharmaceutical Quality/Chemistry, Manufacturing and Controls documents."/><compose><include><system value="http://ncicb.nci.nih.gov/xml/owl/EVS/Thesaurus.owl"/><concept><code value="C1909"/><display value="Product"/></concept><concept><code value="C45306"/><display value="SUBSTANCE"/></concept></include></compose></ValueSet>