<?xml version="1.0" encoding="UTF-8"?>

<ValueSet xmlns="http://hl7.org/fhir">
  <id value="vsPqcmcSpecificationStatusTerminology"/>
  <text>
    <status value="generated"/><div xmlns="http://www.w3.org/1999/xhtml"><ul><li>Include these codes as defined in <code>http://ncicb.nci.nih.gov/xml/owl/EVS/Thesaurus.owl1</code><table class="none"><tr><td style="white-space:nowrap"><b>Code</b></td><td><b>Display</b></td></tr><tr><td>C25425</td><td>Approved</td></tr><tr><td>C48660</td><td>Not Applicable</td></tr><tr><td>C134011</td><td>Not Approved</td></tr><tr><td>C134012</td><td>Reported in a CBE or AR</td></tr><tr><td>C134010</td><td>Tentatively Approved</td></tr></table></li></ul></div>
  </text>
  <url value="http://hl7.org/fhir/us/pq-cmc/ValueSet/vsPqcmcSpecificationStatusTerminology"/>
  <version value="0.1.0"/>
  <name value="PqcmcSpecificationStatusTerminology"/>
  <status value="active"/>
  <date value="2022-03-10T00:19:40-05:00"/>
  <publisher value="Biomedical Research and Regulatory WG"/>
  <contact>
    <name value="Biomedical Research and Regulatory WG"/>
    <telecom>
      <system value="url"/>
      <value value="http://www.hl7.org/Special/committees/rcrim/index.cfm"/>
    </telecom>
  </contact>
  <description value="Terminology used to qualify the information pertaining to specification statuses in the framework of the Pharmaceutical Quality/Chemistry, Manufacturing and Controls documents."/>
  <jurisdiction>
    <coding>
      <system value="urn:iso:std:iso:3166"/>
      <code value="US"/>
      <display value="United States of America"/>
    </coding>
  </jurisdiction>
  <compose>
    <include>
      <system value="http://ncicb.nci.nih.gov/xml/owl/EVS/Thesaurus.owl1"/>
      <concept>
        <code value="C25425"/>
        <display value="Approved"/>
      </concept>
      <concept>
        <code value="C48660"/>
        <display value="Not Applicable"/>
      </concept>
      <concept>
        <code value="C134011"/>
        <display value="Not Approved"/>
      </concept>
      <concept>
        <code value="C134012"/>
        <display value="Reported in a CBE or AR"/>
      </concept>
      <concept>
        <code value="C134010"/>
        <display value="Tentatively Approved"/>
      </concept>
    </include>
  </compose>
</ValueSet>