<?xml version="1.0" encoding="UTF-8"?>

<ValueSet xmlns="http://hl7.org/fhir">
  <id value="vsPqcmcSponsorIdentifierTypeTerminology"/>
  <text>
    <status value="generated"/><div xmlns="http://www.w3.org/1999/xhtml"><ul><li>Include these codes as defined in <code>http://ncicb.nci.nih.gov/xml/owl/EVS/Thesaurus.owl1</code><table class="none"><tr><td style="white-space:nowrap"><b>Code</b></td><td><b>Display</b></td></tr><tr><td>C134005</td><td>CFN</td></tr><tr><td>C134003</td><td>DUNS</td></tr><tr><td>C134004</td><td>FEI</td></tr><tr><td>C17998</td><td>Unknown</td></tr></table></li></ul></div>
  </text>
  <url value="http://hl7.org/fhir/us/pq-cmc/ValueSet/vsPqcmcSponsorIdentifierTypeTerminology"/>
  <version value="0.1.0"/>
  <name value="PqcmcSponsorIdentifierTypeTerminology"/>
  <status value="active"/>
  <date value="2022-03-10T00:19:40-05:00"/>
  <publisher value="Biomedical Research and Regulatory WG"/>
  <contact>
    <name value="Biomedical Research and Regulatory WG"/>
    <telecom>
      <system value="url"/>
      <value value="http://www.hl7.org/Special/committees/rcrim/index.cfm"/>
    </telecom>
  </contact>
  <description value="Terminology used to qualify the information pertaining to sponsor identifier types in the framework of the Pharmaceutical Quality/Chemistry, Manufacturing and Controls documents."/>
  <jurisdiction>
    <coding>
      <system value="urn:iso:std:iso:3166"/>
      <code value="US"/>
      <display value="United States of America"/>
    </coding>
  </jurisdiction>
  <compose>
    <include>
      <system value="http://ncicb.nci.nih.gov/xml/owl/EVS/Thesaurus.owl1"/>
      <concept>
        <code value="C134005"/>
        <display value="CFN"/>
      </concept>
      <concept>
        <code value="C134003"/>
        <display value="DUNS"/>
      </concept>
      <concept>
        <code value="C134004"/>
        <display value="FEI"/>
      </concept>
      <concept>
        <code value="C17998"/>
        <display value="Unknown"/>
      </concept>
    </include>
  </compose>
</ValueSet>