"Path","Slice Name","Alias(s)","Label","Min","Max","Must Support?","Is Modifier?","Is Summary?","Type(s)","Short","Definition","Comments","Requirements","Default Value","Meaning When Missing","Fixed Value","Pattern","Example","Minimum Value","Maximum Value","Maximum Length","Binding Strength","Binding Description","Binding Value Set","Code","Slicing Discriminator","Slicing Description","Slicing Ordered","Slicing Rules","Base Path","Base Min","Base Max","Condition(s)","Constraint(s)","Mapping: IDMP Mapping","Mapping: FiveWs Pattern Mapping","Mapping: RIM Mapping"
"SubstanceDefinition","","","",0,*,"","","","","The detailed description of a substance, typically at a level beyond what is used for prescribing","The detailed description of a substance, typically at a level beyond what is used for prescribing.","","","","","","","","","",,,,,"",,,,"SubstanceDefinition",0,*,"","dom-2:If the resource is contained in another resource, it SHALL NOT contain nested Resources {contained.contained.empty()}
dom-3:If the resource is contained in another resource, it SHALL be referred to from elsewhere in the resource or SHALL refer to the containing resource {contained.where((('#'+id in (%resource.descendants().reference | %resource.descendants().as(canonical) | %resource.descendants().as(uri) | %resource.descendants().as(url))) or descendants().where(reference = '#').exists() or descendants().where(as(canonical) = '#').exists() or descendants().where(as(canonical) = '#').exists()).not()).trace('unmatched', id).empty()}dom-4:If a resource is contained in another resource, it SHALL NOT have a meta.versionId or a meta.lastUpdated {contained.meta.versionId.empty() and contained.meta.lastUpdated.empty()}dom-5:If a resource is contained in another resource, it SHALL NOT have a security label {contained.meta.security.empty()}dom-6:A resource should have narrative for robust management {text.`div`.exists()}","Substance (and derived classes: Chemical, Polymer, Protein, Nucleic_Acid, Structurally_Diverse)","administrative.medication","Entity. Role, or Act"
"SubstanceDefinition.id","","","",0,1,"","","Y","id {[]} {[]}
","Logical id of this artifact","The logical id of the resource, as used in the URL for the resource. Once assigned, this value never changes.","Typically, the resource has an id except for cases like the create operation, conditional updates.","","","","","","","","",,,,,"",,,,"Resource.id",0,1,"",""
"SubstanceDefinition.meta","","","",0,1,"","","Y","Meta {[]} {[]}
","Metadata about the resource","The metadata about the resource. This is content that is maintained by the infrastructure. Changes to the content might not always be associated with version changes to the resource.","","","","","","","","","",,,,,"",,,,"Resource.meta",0,1,"","ele-1:All FHIR elements must have a @value or children {hasValue() or (children().count() > id.count())}
"
"SubstanceDefinition.implicitRules","","","",0,1,"","Y","Y","uri {[]} {[]}
","A set of rules under which this content was created","A reference to a set of rules that were followed when the resource was constructed, and which must be understood when processing the content. Often, this is a reference to an implementation guide that defines the special rules along with other profiles etc.","Asserting this rule set restricts the content to be only understood by a limited set of trading partners. This inherently limits the usefulness of the data in the long term. However, the existing health eco-system is highly fractured, and not yet ready to define, collect, and exchange data in a generally computable sense. Wherever possible, implementers and/or specification writers should avoid using this element. Often, when used, the URL is a reference to an implementation guide that defines these special rules as part of it's narrative along with other profiles, value sets, etc.","","","","","","","","",,,,,"",,,,"Resource.implicitRules",0,1,"","ele-1:All FHIR elements must have a @value or children {hasValue() or (children().count() > id.count())}
"
"SubstanceDefinition.language","","","",0,1,"","","","code {[]} {[]}
","Language of the resource content","The base language in which the resource is written.","Language is provided to support indexing and accessibility (typically, services such as text to speech use the language tag). The html language tag in the narrative applies  to the narrative. The language tag on the resource may be used to specify the language of other presentations generated from the data in the resource. Not all the content has to be in the base language. The Resource.language should not be assumed to apply to the narrative automatically. If a language is specified, it should it also be specified on the div element in the html (see rules in HTML5 for information about the relationship between xml:lang and the html lang attribute).","","","","","","","","",,"preferred","IETF language tag","http://hl7.org/fhir/ValueSet/languages","",,,,"Resource.language",0,1,"","ele-1:All FHIR elements must have a @value or children {hasValue() or (children().count() > id.count())}
"
"SubstanceDefinition.text","","narrative
htmlxhtmldisplay","",0,1,"","","","Narrative {[]} {[]}
","Text summary of the resource, for human interpretation","A human-readable narrative that contains a summary of the resource and can be used to represent the content of the resource to a human. The narrative need not encode all the structured data, but is required to contain sufficient detail to make it ""clinically safe"" for a human to just read the narrative. Resource definitions may define what content should be represented in the narrative to ensure clinical safety.","Contained resources do not have a narrative. Resources that are not contained SHOULD have a narrative. In some cases, a resource may only have text with little or no additional discrete data (as long as all minOccurs=1 elements are satisfied).  This may be necessary for data from legacy systems where information is captured as a ""text blob"" or where text is additionally entered raw or narrated and encoded information is added later.","","","","","","","","",,,,,"",,,,"DomainResource.text",0,1,"","ele-1:All FHIR elements must have a @value or children {hasValue() or (children().count() > id.count())}
","Act.text?"
"SubstanceDefinition.contained","","inline resources
anonymous resourcescontained resources","",0,*,"","","","Resource {[]} {[]}
","Contained, inline Resources","These resources do not have an independent existence apart from the resource that contains them - they cannot be identified independently, nor can they have their own independent transaction scope.","This should never be done when the content can be identified properly, as once identification is lost, it is extremely difficult (and context dependent) to restore it again. Contained resources may have profiles and tags In their meta elements, but SHALL NOT have security labels.","","","","","","","","",,,,,"",,,,"DomainResource.contained",0,*,"","","N/A"
"SubstanceDefinition.extension","","extensions
user content","",0,*,"","","","Extension {[]} {[]}
","Additional content defined by implementations","May be used to represent additional information that is not part of the basic definition of the resource. To make the use of extensions safe and manageable, there is a strict set of governance  applied to the definition and use of extensions. Though any implementer can define an extension, there is a set of requirements that SHALL be met as part of the definition of the extension.","There can be no stigma associated with the use of extensions by any application, project, or standard - regardless of the institution or jurisdiction that uses or defines the extensions.  The use of extensions is what allows the FHIR specification to retain a core level of simplicity for everyone.","","","","","","","","",,,,,"",,,,"DomainResource.extension",0,*,"","ele-1:All FHIR elements must have a @value or children {hasValue() or (children().count() > id.count())}
ext-1:Must have either extensions or value[x], not both {extension.exists() != value.exists()}","N/A"
"SubstanceDefinition.modifierExtension","","extensions
user content","",0,*,"","Y","","Extension {[]} {[]}
","Extensions that cannot be ignored","May be used to represent additional information that is not part of the basic definition of the resource and that modifies the understanding of the element that contains it and/or the understanding of the containing element's descendants. Usually modifier elements provide negation or qualification. To make the use of extensions safe and manageable, there is a strict set of governance applied to the definition and use of extensions. Though any implementer is allowed to define an extension, there is a set of requirements that SHALL be met as part of the definition of the extension. Applications processing a resource are required to check for modifier extensions.

Modifier extensions SHALL NOT change the meaning of any elements on Resource or DomainResource (including cannot change the meaning of modifierExtension itself).","There can be no stigma associated with the use of extensions by any application, project, or standard - regardless of the institution or jurisdiction that uses or defines the extensions.  The use of extensions is what allows the FHIR specification to retain a core level of simplicity for everyone.","Modifier extensions allow for extensions that *cannot* be safely ignored to be clearly distinguished from the vast majority of extensions which can be safely ignored.  This promotes interoperability by eliminating the need for implementers to prohibit the presence of extensions. For further information, see the [definition of modifier extensions](http://build.fhir.org/extensibility.html#modifierExtension).","","","","","","","",,,,,"",,,,"DomainResource.modifierExtension",0,*,"","ele-1:All FHIR elements must have a @value or children {hasValue() or (children().count() > id.count())}
ext-1:Must have either extensions or value[x], not both {extension.exists() != value.exists()}","N/A"
"SubstanceDefinition.identifier","","","",1,1,"","","Y","Identifier {[]} {[]}
","UNII","Identifier by which this substance is known.","The UNII is a non-proprietary, free, unique, unambiguous, non-semantic, alphanumeric identifier based on a substance’s molecular structure and/or descriptive information. [Source: http://www.fda.gov/ForIndustry/DataStandards/SubstanceRegistrationSystem-UniqueIngredientIdentifierUNII/]
* Example: 362O9ITL9D 
* Note: If a UNII does not exist, please go to http://www.fda.gov/ForIndustry/DataStandards/SubstanceRegistrationSystem-UniqueIngredientIdentifierUNII/","","","","","","","","",,,,,"",,,,"SubstanceDefinition.identifier",0,1,"","ele-1:All FHIR elements must have a @value or children {hasValue() or (children().count() > id.count())}
","Substance.Substance_Id"
"SubstanceDefinition.version","","","",0,1,"","","Y","string {[]} {[]}
","A business level identifier of the substance","A business level identifier of the substance.","","","","","","","","","",,,,,"",,,,"SubstanceDefinition.version",0,1,"","ele-1:All FHIR elements must have a @value or children {hasValue() or (children().count() > id.count())}
","Version.Version_Number"
"SubstanceDefinition.status","","","",0,1,"","","Y","CodeableConcept {[]} {[]}
","Status of substance within the catalogue e.g. approved","Status of substance within the catalogue e.g. approved.","","","","","","","","","",,,,,"",,,,"SubstanceDefinition.status",0,1,"","ele-1:All FHIR elements must have a @value or children {hasValue() or (children().count() > id.count())}
","Substance_Classification.Domain"
"SubstanceDefinition.category","","","",0,1,"","","Y","CodeableConcept {[]} {[]}
","High level categorization, e.g. polymer or nucleic acid, or food, chemical, biological","High level categorization, e.g. polymer or nucleic acid, or food, chemical, biological.","","","","","","","","","",,,,,"",,,,"SubstanceDefinition.category",0,1,"","ele-1:All FHIR elements must have a @value or children {hasValue() or (children().count() > id.count())}
","(The derived class type: Chemical, Polymer, Protein, Nucleic_Acid, Structurally_Diverse)"
"SubstanceDefinition.classification","","","",0,*,"","","Y","CodeableConcept {[]} {[]}
","A lower level classification than category, such as the general types of polymer (linear or branch chain) or type of impurity (process related or contaminant)","A lower level classification than category, such as the general types of polymer (linear or branch chain) or type of impurity (process related or contaminant).","","","","","","","","","",,,,,"",,,,"SubstanceDefinition.classification",0,*,"","ele-1:All FHIR elements must have a @value or children {hasValue() or (children().count() > id.count())}
","Substance_Classification.Substance_Classification and Substance_classification.Substance_Classification_Subtype"
"SubstanceDefinition.domain","","","",0,1,"","","Y","CodeableConcept {[]} {[]}
","If the substance applies to only human or veterinary use","If the substance applies to only human or veterinary use.","","","","","","","","","",,,,,"",,,,"SubstanceDefinition.domain",0,1,"","ele-1:All FHIR elements must have a @value or children {hasValue() or (children().count() > id.count())}
","Substance_Classification.Substance_Classification (and Code and Type) and Substance_Classification.Substance_Classification_Subtype"
"SubstanceDefinition.grade","","","",0,*,"","","Y","CodeableConcept {[]} {[]}
","The quality standard, established benchmark, to which substance complies (e.g. USP/NF, Ph. Eur, JP, BP, Company Standard)","The quality standard, established benchmark, to which substance complies (e.g. USP/NF, Ph. Eur, JP, BP, Company Standard).","","","","","","","","","",,,,,"",,,,"SubstanceDefinition.grade",0,*,"","ele-1:All FHIR elements must have a @value or children {hasValue() or (children().count() > id.count())}
","Substance_Specified_Substance_Group_3.Grade"
"SubstanceDefinition.description","","","",0,1,"","","Y","markdown {[]} {[]}
","Textual description of the substance","Textual description of the substance.","","","","","","","","","",,,,,"",,,,"SubstanceDefinition.description",0,1,"","ele-1:All FHIR elements must have a @value or children {hasValue() or (children().count() > id.count())}
","Substance.Comment"
"SubstanceDefinition.informationSource","","","",0,*,"","","Y","Reference {[]} {[CanonicalType[http://hl7.org/fhir/StructureDefinition/Citation]]}
","Supporting literature","Supporting literature.","","","","","","","","","",,,,,"",,,,"SubstanceDefinition.informationSource",0,*,"","ele-1:All FHIR elements must have a @value or children {hasValue() or (children().count() > id.count())}
","Substance.Reference_Source"
"SubstanceDefinition.note","","","",0,*,"","","Y","Annotation {[]} {[]}
","Textual comment about the substance's catalogue or registry record","Textual comment about the substance's catalogue or registry record.","","","","","","","","","",,,,,"",,,,"SubstanceDefinition.note",0,*,"","ele-1:All FHIR elements must have a @value or children {hasValue() or (children().count() > id.count())}
","n/a"
"SubstanceDefinition.manufacturer","","","",1,1,"Y","","Y","Reference {[]} {[CanonicalType[http://example.org/StructureDefinition/MfgTestSiteOrganization]]}
","A company that makes this substance","A company that makes this substance.","","","","","","","","","",,,,,"",,,,"SubstanceDefinition.manufacturer",0,*,"","ele-1:All FHIR elements must have a @value or children {hasValue() or (children().count() > id.count())}
","n/a"
"SubstanceDefinition.supplier","","","",0,1,"Y","","Y","Reference {[]} {[CanonicalType[http://example.org/StructureDefinition/MfgTestSiteOrganization]]}
","A company that supplies this substance","A company that supplies this substance.","","","","","","","","","",,,,,"",,,,"SubstanceDefinition.supplier",0,*,"","ele-1:All FHIR elements must have a @value or children {hasValue() or (children().count() > id.count())}
","n/a"
"SubstanceDefinition.moiety","","","",0,*,"","","Y","BackboneElement {[]} {[]}
","Moiety, for structural modifications","Moiety, for structural modifications.","","","","","","","","","",,,,,"",,,,"SubstanceDefinition.moiety",0,*,"","ele-1:All FHIR elements must have a @value or children {hasValue() or (children().count() > id.count())}
","Substance.Moiety"
"SubstanceDefinition.moiety.id","","","",0,1,"","","","id {[]} {[]}
","Unique id for inter-element referencing","Unique id for the element within a resource (for internal references). This may be any string value that does not contain spaces.","","","","","","","","","",,,,,"",,,,"Element.id",0,1,"","","n/a"
"SubstanceDefinition.moiety.extension","","extensions
user content","",0,*,"","","","Extension {[]} {[]}
","Additional content defined by implementations","May be used to represent additional information that is not part of the basic definition of the element. To make the use of extensions safe and manageable, there is a strict set of governance  applied to the definition and use of extensions. Though any implementer can define an extension, there is a set of requirements that SHALL be met as part of the definition of the extension.","There can be no stigma associated with the use of extensions by any application, project, or standard - regardless of the institution or jurisdiction that uses or defines the extensions.  The use of extensions is what allows the FHIR specification to retain a core level of simplicity for everyone.","","","","","","","","",,,,,"",,,,"Element.extension",0,*,"","ele-1:All FHIR elements must have a @value or children {hasValue() or (children().count() > id.count())}
ext-1:Must have either extensions or value[x], not both {extension.exists() != value.exists()}","n/a"
"SubstanceDefinition.moiety.modifierExtension","","extensions
user contentmodifiers","",0,*,"","Y","Y","Extension {[]} {[]}
","Extensions that cannot be ignored even if unrecognized","May be used to represent additional information that is not part of the basic definition of the element and that modifies the understanding of the element in which it is contained and/or the understanding of the containing element's descendants. Usually modifier elements provide negation or qualification. To make the use of extensions safe and manageable, there is a strict set of governance applied to the definition and use of extensions. Though any implementer can define an extension, there is a set of requirements that SHALL be met as part of the definition of the extension. Applications processing a resource are required to check for modifier extensions.

Modifier extensions SHALL NOT change the meaning of any elements on Resource or DomainResource (including cannot change the meaning of modifierExtension itself).","There can be no stigma associated with the use of extensions by any application, project, or standard - regardless of the institution or jurisdiction that uses or defines the extensions.  The use of extensions is what allows the FHIR specification to retain a core level of simplicity for everyone.","Modifier extensions allow for extensions that *cannot* be safely ignored to be clearly distinguished from the vast majority of extensions which can be safely ignored.  This promotes interoperability by eliminating the need for implementers to prohibit the presence of extensions. For further information, see the [definition of modifier extensions](http://build.fhir.org/extensibility.html#modifierExtension).","","","","","","","",,,,,"",,,,"BackboneElement.modifierExtension",0,*,"","ele-1:All FHIR elements must have a @value or children {hasValue() or (children().count() > id.count())}
ext-1:Must have either extensions or value[x], not both {extension.exists() != value.exists()}","N/A"
"SubstanceDefinition.moiety.role","","","",0,1,"","","Y","CodeableConcept {[]} {[]}
","Role that the moiety is playing","Role that the moiety is playing.","","","","","","","","","",,,,,"",,,,"SubstanceDefinition.moiety.role",0,1,"","ele-1:All FHIR elements must have a @value or children {hasValue() or (children().count() > id.count())}
","Moiety.Moiety_Role"
"SubstanceDefinition.moiety.identifier","","","",0,1,"","","Y","Identifier {[]} {[]}
","Identifier by which this moiety substance is known","Identifier by which this moiety substance is known.","","","","","","","","","",,,,,"",,,,"SubstanceDefinition.moiety.identifier",0,1,"","ele-1:All FHIR elements must have a @value or children {hasValue() or (children().count() > id.count())}
","Moiety.Moiety_Id"
"SubstanceDefinition.moiety.name","","","",0,1,"","","Y","string {[]} {[]}
","Textual name for this moiety substance","Textual name for this moiety substance.","","","","","","","","","",,,,,"",,,,"SubstanceDefinition.moiety.name",0,1,"","ele-1:All FHIR elements must have a @value or children {hasValue() or (children().count() > id.count())}
","Moiety.Moiety_Name"
"SubstanceDefinition.moiety.stereochemistry","","","",0,1,"","","Y","CodeableConcept {[]} {[]}
","Stereochemistry type","Stereochemistry type.","","","","","","","","","",,,,,"",,,,"SubstanceDefinition.moiety.stereochemistry",0,1,"","ele-1:All FHIR elements must have a @value or children {hasValue() or (children().count() > id.count())}
","Moiety.Stereochemistry"
"SubstanceDefinition.moiety.opticalActivity","","","",0,1,"","","Y","CodeableConcept {[]} {[]}
","Optical activity type","Optical activity type.","","","","","","","","","",,,,,"",,,,"SubstanceDefinition.moiety.opticalActivity",0,1,"","ele-1:All FHIR elements must have a @value or children {hasValue() or (children().count() > id.count())}
","Moiety.Optical_Activity"
"SubstanceDefinition.moiety.molecularFormula","","","",0,1,"","","Y","string {[]} {[]}
","Molecular formula for this moiety of this substance, typically using the Hill system","Molecular formula for this moiety of this substance, typically using the Hill system.","","","","","","","","","",,,,,"",,,,"SubstanceDefinition.moiety.molecularFormula",0,1,"","ele-1:All FHIR elements must have a @value or children {hasValue() or (children().count() > id.count())}
","Moiety.Molecular_Formula"
"SubstanceDefinition.moiety.amount[x]","","","",0,1,"","","Y","Quantity {[]} {[]}
string {[]} {[]}","Quantitative value for this moiety","Quantitative value for this moiety.","","","","","","","","","",,,,,"",,,,"SubstanceDefinition.moiety.amount[x]",0,1,"","ele-1:All FHIR elements must have a @value or children {hasValue() or (children().count() > id.count())}
","Moiety.Amount"
"SubstanceDefinition.moiety.amountType","","","",0,1,"","","Y","CodeableConcept {[]} {[]}
","The measurement type of the quantitative value","The measurement type of the quantitative value.","","","","","","","","","",,,,,"",,,,"SubstanceDefinition.moiety.amountType",0,1,"","ele-1:All FHIR elements must have a @value or children {hasValue() or (children().count() > id.count())}
","Amount.Amount_Type"
"SubstanceDefinition.property","","","",0,*,"","","Y","BackboneElement {[]} {[]}
","General specifications for this substance","General specifications for this substance.","","","","","","","","","",,,,,"",,,,"SubstanceDefinition.property",0,*,"","ele-1:All FHIR elements must have a @value or children {hasValue() or (children().count() > id.count())}
","Substance.Property"
"SubstanceDefinition.property.id","","","",0,1,"","","","id {[]} {[]}
","Unique id for inter-element referencing","Unique id for the element within a resource (for internal references). This may be any string value that does not contain spaces.","","","","","","","","","",,,,,"",,,,"Element.id",0,1,"","","n/a"
"SubstanceDefinition.property.extension","","extensions
user content","",0,*,"","","","Extension {[]} {[]}
","Additional content defined by implementations","May be used to represent additional information that is not part of the basic definition of the element. To make the use of extensions safe and manageable, there is a strict set of governance  applied to the definition and use of extensions. Though any implementer can define an extension, there is a set of requirements that SHALL be met as part of the definition of the extension.","There can be no stigma associated with the use of extensions by any application, project, or standard - regardless of the institution or jurisdiction that uses or defines the extensions.  The use of extensions is what allows the FHIR specification to retain a core level of simplicity for everyone.","","","","","","","","",,,,,"",,,,"Element.extension",0,*,"","ele-1:All FHIR elements must have a @value or children {hasValue() or (children().count() > id.count())}
ext-1:Must have either extensions or value[x], not both {extension.exists() != value.exists()}","n/a"
"SubstanceDefinition.property.modifierExtension","","extensions
user contentmodifiers","",0,*,"","Y","Y","Extension {[]} {[]}
","Extensions that cannot be ignored even if unrecognized","May be used to represent additional information that is not part of the basic definition of the element and that modifies the understanding of the element in which it is contained and/or the understanding of the containing element's descendants. Usually modifier elements provide negation or qualification. To make the use of extensions safe and manageable, there is a strict set of governance applied to the definition and use of extensions. Though any implementer can define an extension, there is a set of requirements that SHALL be met as part of the definition of the extension. Applications processing a resource are required to check for modifier extensions.

Modifier extensions SHALL NOT change the meaning of any elements on Resource or DomainResource (including cannot change the meaning of modifierExtension itself).","There can be no stigma associated with the use of extensions by any application, project, or standard - regardless of the institution or jurisdiction that uses or defines the extensions.  The use of extensions is what allows the FHIR specification to retain a core level of simplicity for everyone.","Modifier extensions allow for extensions that *cannot* be safely ignored to be clearly distinguished from the vast majority of extensions which can be safely ignored.  This promotes interoperability by eliminating the need for implementers to prohibit the presence of extensions. For further information, see the [definition of modifier extensions](http://build.fhir.org/extensibility.html#modifierExtension).","","","","","","","",,,,,"",,,,"BackboneElement.modifierExtension",0,*,"","ele-1:All FHIR elements must have a @value or children {hasValue() or (children().count() > id.count())}
ext-1:Must have either extensions or value[x], not both {extension.exists() != value.exists()}","N/A"
"SubstanceDefinition.property.type","","","",1,1,"","","Y","CodeableConcept {[]} {[]}
","A code expressing the type of characteristic","A code expressing the type of characteristic.","","","","","","","","","",,,,,"",,,,"SubstanceDefinition.property.type",1,1,"","ele-1:All FHIR elements must have a @value or children {hasValue() or (children().count() > id.count())}
","Property.Property_Type"
"SubstanceDefinition.property.value[x]","","","",0,1,"","","Y","CodeableConcept {[]} {[]}
Quantity {[]} {[]}date {[]} {[]}boolean {[]} {[]}Attachment {[]} {[]}","A value for the characteristic","A value for the characteristic.","","","","","","","","","",,,,,"",,,,"SubstanceDefinition.property.value[x]",0,1,"","ele-1:All FHIR elements must have a @value or children {hasValue() or (children().count() > id.count())}
","Physical Characteristics, attribute's value"
"SubstanceDefinition.referenceInformation","","","",0,1,"","","Y","Reference {[]} {[CanonicalType[http://hl7.org/fhir/StructureDefinition/SubstanceReferenceInformation]]}
","General information detailing this substance","General information detailing this substance.","","","","","","","","","",,,,,"",,,,"SubstanceDefinition.referenceInformation",0,1,"","ele-1:All FHIR elements must have a @value or children {hasValue() or (children().count() > id.count())}
","Reference_Information"
"SubstanceDefinition.molecularWeight","","","",0,1,"Y","","Y","BackboneElement {[]} {[]}
","Molecular Weight","The molecular weight or weight range (for proteins, polymers or nucleic acids).","","","","","","","","","",,,,,"",,,,"SubstanceDefinition.molecularWeight",0,*,"","ele-1:All FHIR elements must have a @value or children {hasValue() or (children().count() > id.count())}
"
"SubstanceDefinition.molecularWeight.id","","","",0,1,"","","","id {[]} {[]}
","Unique id for inter-element referencing","Unique id for the element within a resource (for internal references). This may be any string value that does not contain spaces.","","","","","","","","","",,,,,"",,,,"Element.id",0,1,"","","n/a"
"SubstanceDefinition.molecularWeight.extension","","extensions
user content","",0,*,"","","","Extension {[]} {[]}
","Additional content defined by implementations","May be used to represent additional information that is not part of the basic definition of the element. To make the use of extensions safe and manageable, there is a strict set of governance  applied to the definition and use of extensions. Though any implementer can define an extension, there is a set of requirements that SHALL be met as part of the definition of the extension.","There can be no stigma associated with the use of extensions by any application, project, or standard - regardless of the institution or jurisdiction that uses or defines the extensions.  The use of extensions is what allows the FHIR specification to retain a core level of simplicity for everyone.","","","","","","","","",,,,,"",,,,"Element.extension",0,*,"","ele-1:All FHIR elements must have a @value or children {hasValue() or (children().count() > id.count())}
ext-1:Must have either extensions or value[x], not both {extension.exists() != value.exists()}","n/a"
"SubstanceDefinition.molecularWeight.modifierExtension","","extensions
user contentmodifiers","",0,*,"","Y","Y","Extension {[]} {[]}
","Extensions that cannot be ignored even if unrecognized","May be used to represent additional information that is not part of the basic definition of the element and that modifies the understanding of the element in which it is contained and/or the understanding of the containing element's descendants. Usually modifier elements provide negation or qualification. To make the use of extensions safe and manageable, there is a strict set of governance applied to the definition and use of extensions. Though any implementer can define an extension, there is a set of requirements that SHALL be met as part of the definition of the extension. Applications processing a resource are required to check for modifier extensions.

Modifier extensions SHALL NOT change the meaning of any elements on Resource or DomainResource (including cannot change the meaning of modifierExtension itself).","There can be no stigma associated with the use of extensions by any application, project, or standard - regardless of the institution or jurisdiction that uses or defines the extensions.  The use of extensions is what allows the FHIR specification to retain a core level of simplicity for everyone.","Modifier extensions allow for extensions that *cannot* be safely ignored to be clearly distinguished from the vast majority of extensions which can be safely ignored.  This promotes interoperability by eliminating the need for implementers to prohibit the presence of extensions. For further information, see the [definition of modifier extensions](http://build.fhir.org/extensibility.html#modifierExtension).","","","","","","","",,,,,"",,,,"BackboneElement.modifierExtension",0,*,"","ele-1:All FHIR elements must have a @value or children {hasValue() or (children().count() > id.count())}
ext-1:Must have either extensions or value[x], not both {extension.exists() != value.exists()}","N/A"
"SubstanceDefinition.molecularWeight.method","","","",0,1,"","","Y","CodeableConcept {[]} {[]}
","The method by which the molecular weight was determined","The method by which the molecular weight was determined.","","","","","","","","","",,,,,"",,,,"SubstanceDefinition.molecularWeight.method",0,1,"","ele-1:All FHIR elements must have a @value or children {hasValue() or (children().count() > id.count())}
","Molecular_Weight.Molecular_Weight_Method"
"SubstanceDefinition.molecularWeight.type","","","",0,1,"","","Y","CodeableConcept {[]} {[]}
","Type of molecular weight such as exact, average (also known as. number average), weight average","Type of molecular weight such as exact, average (also known as. number average), weight average.","","","","","","","","","",,,,,"",,,,"SubstanceDefinition.molecularWeight.type",0,1,"","ele-1:All FHIR elements must have a @value or children {hasValue() or (children().count() > id.count())}
","Molecular_Weight.Molecular_Weight_Type"
"SubstanceDefinition.molecularWeight.amount","","","",1,1,"Y","","Y","Quantity {[]} {[]}
","Used to capture quantitative values for a variety of elements. If only limits are given, the arithmetic mean would be the average. If only a single definite value for a given element is given, it would be captured in this field","Used to capture quantitative values for a variety of elements. If only limits are given, the arithmetic mean would be the average. If only a single definite value for a given element is given, it would be captured in this field.","","","","","","","","","",,,,,"",,,,"SubstanceDefinition.molecularWeight.amount",1,1,"","ele-1:All FHIR elements must have a @value or children {hasValue() or (children().count() > id.count())}
","Molecular_Weight.Amount"
"SubstanceDefinition.structure","","","",0,1,"Y","","Y","BackboneElement {[]} {[]}
","Structural information","Structural information.","","","","","","","","","",,,,,"",,,,"SubstanceDefinition.structure",0,1,"","ele-1:All FHIR elements must have a @value or children {hasValue() or (children().count() > id.count())}
","Substance.Structure"
"SubstanceDefinition.structure.id","","","",0,1,"","","","id {[]} {[]}
","Unique id for inter-element referencing","Unique id for the element within a resource (for internal references). This may be any string value that does not contain spaces.","","","","","","","","","",,,,,"",,,,"Element.id",0,1,"","","n/a"
"SubstanceDefinition.structure.extension","","extensions
user content","",0,*,"","","","Extension {[]} {[]}
","Additional content defined by implementations","May be used to represent additional information that is not part of the basic definition of the element. To make the use of extensions safe and manageable, there is a strict set of governance  applied to the definition and use of extensions. Though any implementer can define an extension, there is a set of requirements that SHALL be met as part of the definition of the extension.","There can be no stigma associated with the use of extensions by any application, project, or standard - regardless of the institution or jurisdiction that uses or defines the extensions.  The use of extensions is what allows the FHIR specification to retain a core level of simplicity for everyone.","","","","","","","","",,,,,"",,,,"Element.extension",0,*,"","ele-1:All FHIR elements must have a @value or children {hasValue() or (children().count() > id.count())}
ext-1:Must have either extensions or value[x], not both {extension.exists() != value.exists()}","n/a"
"SubstanceDefinition.structure.modifierExtension","","extensions
user contentmodifiers","",0,*,"","Y","Y","Extension {[]} {[]}
","Extensions that cannot be ignored even if unrecognized","May be used to represent additional information that is not part of the basic definition of the element and that modifies the understanding of the element in which it is contained and/or the understanding of the containing element's descendants. Usually modifier elements provide negation or qualification. To make the use of extensions safe and manageable, there is a strict set of governance applied to the definition and use of extensions. Though any implementer can define an extension, there is a set of requirements that SHALL be met as part of the definition of the extension. Applications processing a resource are required to check for modifier extensions.

Modifier extensions SHALL NOT change the meaning of any elements on Resource or DomainResource (including cannot change the meaning of modifierExtension itself).","There can be no stigma associated with the use of extensions by any application, project, or standard - regardless of the institution or jurisdiction that uses or defines the extensions.  The use of extensions is what allows the FHIR specification to retain a core level of simplicity for everyone.","Modifier extensions allow for extensions that *cannot* be safely ignored to be clearly distinguished from the vast majority of extensions which can be safely ignored.  This promotes interoperability by eliminating the need for implementers to prohibit the presence of extensions. For further information, see the [definition of modifier extensions](http://build.fhir.org/extensibility.html#modifierExtension).","","","","","","","",,,,,"",,,,"BackboneElement.modifierExtension",0,*,"","ele-1:All FHIR elements must have a @value or children {hasValue() or (children().count() > id.count())}
ext-1:Must have either extensions or value[x], not both {extension.exists() != value.exists()}","N/A"
"SubstanceDefinition.structure.stereochemistry","","","",0,1,"","","Y","CodeableConcept {[]} {[]}
","Stereochemistry type","Stereochemistry type.","","","","","","","","","",,,,,"",,,,"SubstanceDefinition.structure.stereochemistry",0,1,"","ele-1:All FHIR elements must have a @value or children {hasValue() or (children().count() > id.count())}
","Structure.Stereochemistry"
"SubstanceDefinition.structure.opticalActivity","","","",0,1,"","","Y","CodeableConcept {[]} {[]}
","Optical activity type","Optical activity type.","","","","","","","","","",,,,,"",,,,"SubstanceDefinition.structure.opticalActivity",0,1,"","ele-1:All FHIR elements must have a @value or children {hasValue() or (children().count() > id.count())}
","Structure.Optical_Activity"
"SubstanceDefinition.structure.molecularFormula","","","",1,1,"Y","","Y","string {[]} {[]}
","Molecular Formula","Molecular formula of this substance, typically using the Hill system.","","","","","","","","","",,,,,"",,,,"SubstanceDefinition.structure.molecularFormula",0,1,"","ele-1:All FHIR elements must have a @value or children {hasValue() or (children().count() > id.count())}
","Structure.Molecular_Formula"
"SubstanceDefinition.structure.molecularFormulaByMoiety","","","",0,1,"","","Y","string {[]} {[]}
","Specified per moiety according to the Hill system, i.e. first C, then H, then alphabetical, each moiety separated by a dot","Specified per moiety according to the Hill system, i.e. first C, then H, then alphabetical, each moiety separated by a dot.","","","","","","","","","",,,,,"",,,,"SubstanceDefinition.structure.molecularFormulaByMoiety",0,1,"","ele-1:All FHIR elements must have a @value or children {hasValue() or (children().count() > id.count())}
","Structure.Molecular_Formula_By_Moiety"
"SubstanceDefinition.structure.molecularWeight","","","",0,1,"","","Y","","The molecular weight or weight range (for proteins, polymers or nucleic acids)","The molecular weight or weight range (for proteins, polymers or nucleic acids).","","","","","","","","","",,,,,"",,,,"SubstanceDefinition.structure.molecularWeight",0,1,"","ele-1:All FHIR elements must have a @value or children {hasValue() or (children().count() > id.count())}
","Structure.Molecular_Weight"
"SubstanceDefinition.structure.technique","","","",1,1,"Y","","Y","CodeableConcept {[]} {[]}
","Substance Characterization Technique","The method used to elucidate the structure or characterization of the drug substance. Examples: X-ray, HPLC, NMR, Peptide mapping, Ligand binding assay.","","","","","","","","","",,,,,"",,,,"SubstanceDefinition.structure.technique",0,*,"","ele-1:All FHIR elements must have a @value or children {hasValue() or (children().count() > id.count())}
","n/a"
"SubstanceDefinition.structure.technique.id","","","",0,1,"","","","string {[]} {[]}
","Unique id for inter-element referencing","Unique id for the element within a resource (for internal references). This may be any string value that does not contain spaces.","","","","","","","","","",,,,,"",,,,"Element.id",0,1,"","","n/a"
"SubstanceDefinition.structure.technique.extension","","extensions
user content","",0,*,"","","","Extension {[]} {[]}
","Additional content defined by implementations","May be used to represent additional information that is not part of the basic definition of the element. To make the use of extensions safe and manageable, there is a strict set of governance  applied to the definition and use of extensions. Though any implementer can define an extension, there is a set of requirements that SHALL be met as part of the definition of the extension.","There can be no stigma associated with the use of extensions by any application, project, or standard - regardless of the institution or jurisdiction that uses or defines the extensions.  The use of extensions is what allows the FHIR specification to retain a core level of simplicity for everyone.","","","","","","","","",,,,,"","value:url}
","Extensions are always sliced by (at least) url",,"open","Element.extension",0,*,"","ele-1:All FHIR elements must have a @value or children {hasValue() or (children().count() > id.count())}
ext-1:Must have either extensions or value[x], not both {extension.exists() != value.exists()}","n/a"
"SubstanceDefinition.structure.technique.coding","","","",0,*,"","","Y","Coding {[]} {[]}
","Code defined by a terminology system","A reference to a code defined by a terminology system.","Codes may be defined very casually in enumerations, or code lists, up to very formal definitions such as SNOMED CT - see the HL7 v3 Core Principles for more information.  Ordering of codings is undefined and SHALL NOT be used to infer meaning. Generally, at most only one of the coding values will be labeled as UserSelected = true.","Allows for alternative encodings within a code system, and translations to other code systems.","","","","","","","",,,,,"",,,,"CodeableConcept.coding",0,*,"","ele-1:All FHIR elements must have a @value or children {hasValue() or (children().count() > id.count())}
","union(., ./translation)"
"SubstanceDefinition.structure.technique.text","","","",1,1,"","","Y","string {[]} {[]}
","Plain text representation of the concept","A human language representation of the concept as seen/selected/uttered by the user who entered the data and/or which represents the intended meaning of the user.","Very often the text is the same as a displayName of one of the codings.","The codes from the terminologies do not always capture the correct meaning with all the nuances of the human using them, or sometimes there is no appropriate code at all. In these cases, the text is used to capture the full meaning of the source.","","","","","","","",,,,,"",,,,"CodeableConcept.text",0,1,"","ele-1:All FHIR elements must have a @value or children {hasValue() or (children().count() > id.count())}
","./originalText[mediaType/code=""text/plain""]/data"
"SubstanceDefinition.structure.sourceDocument","","","",0,*,"","","Y","Reference {[]} {[CanonicalType[http://hl7.org/fhir/StructureDefinition/DocumentReference]]}
","Supporting literature about the source of information","Supporting literature about the source of information.","","","","","","","","","",,,,,"",,,,"SubstanceDefinition.structure.sourceDocument",0,*,"","ele-1:All FHIR elements must have a @value or children {hasValue() or (children().count() > id.count())}
","Structure.Reference_Source"
"SubstanceDefinition.structure.representation","","","",0,*,"","","Y","BackboneElement {[]} {[]}
","A depiction of the structure or characterization of the substance","A depiction of the structure or characterization of the substance.","","","","","","","","","",,,,,"",,,,"SubstanceDefinition.structure.representation",0,*,"","ele-1:All FHIR elements must have a @value or children {hasValue() or (children().count() > id.count())}
","Structure.Structural_Representation"
"SubstanceDefinition.structure.representation.id","","","",0,1,"","","","id {[]} {[]}
","Unique id for inter-element referencing","Unique id for the element within a resource (for internal references). This may be any string value that does not contain spaces.","","","","","","","","","",,,,,"",,,,"Element.id",0,1,"","","n/a"
"SubstanceDefinition.structure.representation.extension","","extensions
user content","",0,*,"","","","Extension {[]} {[]}
","Additional content defined by implementations","May be used to represent additional information that is not part of the basic definition of the element. To make the use of extensions safe and manageable, there is a strict set of governance  applied to the definition and use of extensions. Though any implementer can define an extension, there is a set of requirements that SHALL be met as part of the definition of the extension.","There can be no stigma associated with the use of extensions by any application, project, or standard - regardless of the institution or jurisdiction that uses or defines the extensions.  The use of extensions is what allows the FHIR specification to retain a core level of simplicity for everyone.","","","","","","","","",,,,,"",,,,"Element.extension",0,*,"","ele-1:All FHIR elements must have a @value or children {hasValue() or (children().count() > id.count())}
ext-1:Must have either extensions or value[x], not both {extension.exists() != value.exists()}","n/a"
"SubstanceDefinition.structure.representation.modifierExtension","","extensions
user contentmodifiers","",0,*,"","Y","Y","Extension {[]} {[]}
","Extensions that cannot be ignored even if unrecognized","May be used to represent additional information that is not part of the basic definition of the element and that modifies the understanding of the element in which it is contained and/or the understanding of the containing element's descendants. Usually modifier elements provide negation or qualification. To make the use of extensions safe and manageable, there is a strict set of governance applied to the definition and use of extensions. Though any implementer can define an extension, there is a set of requirements that SHALL be met as part of the definition of the extension. Applications processing a resource are required to check for modifier extensions.

Modifier extensions SHALL NOT change the meaning of any elements on Resource or DomainResource (including cannot change the meaning of modifierExtension itself).","There can be no stigma associated with the use of extensions by any application, project, or standard - regardless of the institution or jurisdiction that uses or defines the extensions.  The use of extensions is what allows the FHIR specification to retain a core level of simplicity for everyone.","Modifier extensions allow for extensions that *cannot* be safely ignored to be clearly distinguished from the vast majority of extensions which can be safely ignored.  This promotes interoperability by eliminating the need for implementers to prohibit the presence of extensions. For further information, see the [definition of modifier extensions](http://build.fhir.org/extensibility.html#modifierExtension).","","","","","","","",,,,,"",,,,"BackboneElement.modifierExtension",0,*,"","ele-1:All FHIR elements must have a @value or children {hasValue() or (children().count() > id.count())}
ext-1:Must have either extensions or value[x], not both {extension.exists() != value.exists()}","N/A"
"SubstanceDefinition.structure.representation.type","","","",0,1,"","","Y","CodeableConcept {[]} {[]}
","The kind of structural representation (e.g. full, partial) or the technique used to derive the analytical characterization of the substance (e.g. x-ray, HPLC, NMR, peptide mapping, ligand binding assay, etc.)","The kind of structural representation (e.g. full, partial) or the technique used to derive the analytical characterization of the substance (e.g. x-ray, HPLC, NMR, peptide mapping, ligand binding assay, etc.).","","","","","","","","","",,,,,"",,,,"SubstanceDefinition.structure.representation.type",0,1,"","ele-1:All FHIR elements must have a @value or children {hasValue() or (children().count() > id.count())}
","Structural_Representation.Structural_Representation_Type"
"SubstanceDefinition.structure.representation.representation","","","",0,1,"","","Y","string {[]} {[]}
","The structural representation or characterization as a text string in a standard format","The structural representation or characterization as a text string in a standard format.","","","","","","","","","",,,,,"",,,,"SubstanceDefinition.structure.representation.representation",0,1,"","ele-1:All FHIR elements must have a @value or children {hasValue() or (children().count() > id.count())}
","Structural_Representation.Structural_Representation"
"SubstanceDefinition.structure.representation.format","","","",1,1,"","","Y","CodeableConcept {[]} {[]}
","The format of the representation e.g. InChI, SMILES, MOLFILE, CDX, SDF, PDB, mmCIF. The logical content type rather than the physical file format of a document","The format of the representation e.g. InChI, SMILES, MOLFILE, CDX, SDF, PDB, mmCIF. The logical content type rather than the physical file format of a document.","","","","","","","","","",,"required","","http://example.org/ValueSet/vsPqcmccChemicalStructureDataFileTypeTerminology","",,,,"SubstanceDefinition.structure.representation.format",0,1,"","ele-1:All FHIR elements must have a @value or children {hasValue() or (children().count() > id.count())}
","n/a"
"SubstanceDefinition.structure.representation.document","","","",0,1,"","","Y","Reference {[]} {[CanonicalType[http://example.org/StructureDefinition/Base64DocumentReference]]}
","An attached file with the structural representation or characterization e.g. a molecular structure graphic of the substance, a JCAMP or AnIML file","An attached file with the structural representation or characterization e.g. a molecular structure graphic of the substance, a JCAMP or AnIML file.","","","","","","","","","",,,,,"",,,,"SubstanceDefinition.structure.representation.document",0,1,"","ele-1:All FHIR elements must have a @value or children {hasValue() or (children().count() > id.count())}
","Structural_Representation.Structural_Representation_Attachment"
"SubstanceDefinition.code","","","",0,*,"Y","","Y","BackboneElement {[]} {[]}
","Codes associated with the substance","Codes associated with the substance.","","","","","","","","","",,,,,"",,,,"SubstanceDefinition.code",0,*,"","ele-1:All FHIR elements must have a @value or children {hasValue() or (children().count() > id.count())}
","Substance.Substance_Code"
"SubstanceDefinition.code.id","","","",0,1,"","","","id {[]} {[]}
","Unique id for inter-element referencing","Unique id for the element within a resource (for internal references). This may be any string value that does not contain spaces.","","","","","","","","","",,,,,"",,,,"Element.id",0,1,"","","n/a"
"SubstanceDefinition.code.extension","","extensions
user content","",0,*,"","","","Extension {[]} {[]}
","Additional content defined by implementations","May be used to represent additional information that is not part of the basic definition of the element. To make the use of extensions safe and manageable, there is a strict set of governance  applied to the definition and use of extensions. Though any implementer can define an extension, there is a set of requirements that SHALL be met as part of the definition of the extension.","There can be no stigma associated with the use of extensions by any application, project, or standard - regardless of the institution or jurisdiction that uses or defines the extensions.  The use of extensions is what allows the FHIR specification to retain a core level of simplicity for everyone.","","","","","","","","",,,,,"",,,,"Element.extension",0,*,"","ele-1:All FHIR elements must have a @value or children {hasValue() or (children().count() > id.count())}
ext-1:Must have either extensions or value[x], not both {extension.exists() != value.exists()}","n/a"
"SubstanceDefinition.code.modifierExtension","","extensions
user contentmodifiers","",0,*,"","Y","Y","Extension {[]} {[]}
","Extensions that cannot be ignored even if unrecognized","May be used to represent additional information that is not part of the basic definition of the element and that modifies the understanding of the element in which it is contained and/or the understanding of the containing element's descendants. Usually modifier elements provide negation or qualification. To make the use of extensions safe and manageable, there is a strict set of governance applied to the definition and use of extensions. Though any implementer can define an extension, there is a set of requirements that SHALL be met as part of the definition of the extension. Applications processing a resource are required to check for modifier extensions.

Modifier extensions SHALL NOT change the meaning of any elements on Resource or DomainResource (including cannot change the meaning of modifierExtension itself).","There can be no stigma associated with the use of extensions by any application, project, or standard - regardless of the institution or jurisdiction that uses or defines the extensions.  The use of extensions is what allows the FHIR specification to retain a core level of simplicity for everyone.","Modifier extensions allow for extensions that *cannot* be safely ignored to be clearly distinguished from the vast majority of extensions which can be safely ignored.  This promotes interoperability by eliminating the need for implementers to prohibit the presence of extensions. For further information, see the [definition of modifier extensions](http://build.fhir.org/extensibility.html#modifierExtension).","","","","","","","",,,,,"",,,,"BackboneElement.modifierExtension",0,*,"","ele-1:All FHIR elements must have a @value or children {hasValue() or (children().count() > id.count())}
ext-1:Must have either extensions or value[x], not both {extension.exists() != value.exists()}","N/A"
"SubstanceDefinition.code.code","","","",0,1,"","","Y","CodeableConcept {[]} {[]}
","Company Code","The specific code.","","","","","","","","","",,,,,"",,,,"SubstanceDefinition.code.code",0,1,"","ele-1:All FHIR elements must have a @value or children {hasValue() or (children().count() > id.count())}
","Substance_Code.Code, Substance_Code.Code_System, Substance_Code.Code_System_Id"
"SubstanceDefinition.code.status","","","",0,1,"","","Y","CodeableConcept {[]} {[]}
","Status of the code assignment, for example 'provisional', 'approved'","Status of the code assignment, for example 'provisional', 'approved'.","","","","","","","","","",,,,,"",,,,"SubstanceDefinition.code.status",0,1,"","ele-1:All FHIR elements must have a @value or children {hasValue() or (children().count() > id.count())}
","Substance_Code.Code_System_Status"
"SubstanceDefinition.code.statusDate","","","",0,1,"","","Y","dateTime {[]} {[]}
","The date at which the code status is changed as part of the terminology maintenance","The date at which the code status is changed as part of the terminology maintenance.","","","","","","","","","",,,,,"",,,,"SubstanceDefinition.code.statusDate",0,1,"","ele-1:All FHIR elements must have a @value or children {hasValue() or (children().count() > id.count())}
","Substance_Code.Code_Change_Date"
"SubstanceDefinition.code.note","","","",0,*,"","","Y","Annotation {[]} {[]}
","Any comment can be provided in this field, if necessary","Any comment can be provided in this field, if necessary.","","","","","","","","","",,,,,"",,,,"SubstanceDefinition.code.note",0,*,"","ele-1:All FHIR elements must have a @value or children {hasValue() or (children().count() > id.count())}
","Substance_Code.Comment"
"SubstanceDefinition.code.source","","","",0,*,"","","Y","Reference {[]} {[CanonicalType[http://hl7.org/fhir/StructureDefinition/DocumentReference]]}
","Supporting literature","Supporting literature.","","","","","","","","","",,,,,"",,,,"SubstanceDefinition.code.source",0,*,"","ele-1:All FHIR elements must have a @value or children {hasValue() or (children().count() > id.count())}
","Substance_Code.Reference_Source"
"SubstanceDefinition.name","","","",0,*,"","","Y","BackboneElement {[]} {[]}
","Names applicable to this substance","Names applicable to this substance.","","","","","","","","","",,,,,"",,,,"SubstanceDefinition.name",0,*,"","ele-1:All FHIR elements must have a @value or children {hasValue() or (children().count() > id.count())}
","Substance.Substance_Name"
"SubstanceDefinition.name.id","","","",0,1,"","","","id {[]} {[]}
","Unique id for inter-element referencing","Unique id for the element within a resource (for internal references). This may be any string value that does not contain spaces.","","","","","","","","","",,,,,"",,,,"Element.id",0,1,"","","n/a"
"SubstanceDefinition.name.extension","","extensions
user content","",0,*,"","","","Extension {[]} {[]}
","Additional content defined by implementations","May be used to represent additional information that is not part of the basic definition of the element. To make the use of extensions safe and manageable, there is a strict set of governance  applied to the definition and use of extensions. Though any implementer can define an extension, there is a set of requirements that SHALL be met as part of the definition of the extension.","There can be no stigma associated with the use of extensions by any application, project, or standard - regardless of the institution or jurisdiction that uses or defines the extensions.  The use of extensions is what allows the FHIR specification to retain a core level of simplicity for everyone.","","","","","","","","",,,,,"",,,,"Element.extension",0,*,"","ele-1:All FHIR elements must have a @value or children {hasValue() or (children().count() > id.count())}
ext-1:Must have either extensions or value[x], not both {extension.exists() != value.exists()}","n/a"
"SubstanceDefinition.name.modifierExtension","","extensions
user contentmodifiers","",0,*,"","Y","Y","Extension {[]} {[]}
","Extensions that cannot be ignored even if unrecognized","May be used to represent additional information that is not part of the basic definition of the element and that modifies the understanding of the element in which it is contained and/or the understanding of the containing element's descendants. Usually modifier elements provide negation or qualification. To make the use of extensions safe and manageable, there is a strict set of governance applied to the definition and use of extensions. Though any implementer can define an extension, there is a set of requirements that SHALL be met as part of the definition of the extension. Applications processing a resource are required to check for modifier extensions.

Modifier extensions SHALL NOT change the meaning of any elements on Resource or DomainResource (including cannot change the meaning of modifierExtension itself).","There can be no stigma associated with the use of extensions by any application, project, or standard - regardless of the institution or jurisdiction that uses or defines the extensions.  The use of extensions is what allows the FHIR specification to retain a core level of simplicity for everyone.","Modifier extensions allow for extensions that *cannot* be safely ignored to be clearly distinguished from the vast majority of extensions which can be safely ignored.  This promotes interoperability by eliminating the need for implementers to prohibit the presence of extensions. For further information, see the [definition of modifier extensions](http://build.fhir.org/extensibility.html#modifierExtension).","","","","","","","",,,,,"",,,,"BackboneElement.modifierExtension",0,*,"","ele-1:All FHIR elements must have a @value or children {hasValue() or (children().count() > id.count())}
ext-1:Must have either extensions or value[x], not both {extension.exists() != value.exists()}","N/A"
"SubstanceDefinition.name.name","","","",1,1,"Y","","Y","string {[]} {[]}
","Substance Name","The actual name.","","","","","","","","","",,,,,"",,,,"SubstanceDefinition.name.name",1,1,"","ele-1:All FHIR elements must have a @value or children {hasValue() or (children().count() > id.count())}
","Substance_Name.Substance_Name"
"SubstanceDefinition.name.type","","","",0,1,"","","Y","CodeableConcept {[]} {[]}
","Name type, for example 'systematic',  'scientific, 'brand'","Name type, for example 'systematic',  'scientific, 'brand'.","","","","","","","","","",,,,,"",,,,"SubstanceDefinition.name.type",0,1,"","ele-1:All FHIR elements must have a @value or children {hasValue() or (children().count() > id.count())}
","Substance_Name.Substance_Name_Type"
"SubstanceDefinition.name.status","","","",0,1,"","","Y","CodeableConcept {[]} {[]}
","The status of the name, for example 'current', 'proposed'","The status of the name, for example 'current', 'proposed'.","","","","","","","","","",,,,,"",,,,"SubstanceDefinition.name.status",0,1,"","ele-1:All FHIR elements must have a @value or children {hasValue() or (children().count() > id.count())}
","n/a"
"SubstanceDefinition.name.preferred","","","",0,1,"","","Y","boolean {[]} {[]}
","If this is the preferred name for this substance","If this is the preferred name for this substance.","","","","","","","","","",,,,,"",,,,"SubstanceDefinition.name.preferred",0,1,"","ele-1:All FHIR elements must have a @value or children {hasValue() or (children().count() > id.count())}
","n/a"
"SubstanceDefinition.name.language","","","",0,*,"","","Y","CodeableConcept {[]} {[]}
","Human language that the name is written in","Human language that the name is written in.","","","","","","","","","",,,,,"",,,,"SubstanceDefinition.name.language",0,*,"","ele-1:All FHIR elements must have a @value or children {hasValue() or (children().count() > id.count())}
","Substance_Name.Language"
"SubstanceDefinition.name.domain","","","",0,*,"","","Y","CodeableConcept {[]} {[]}
","The use context of this name for example if there is a different name a drug active ingredient as opposed to a food colour additive","The use context of this name for example if there is a different name a drug active ingredient as opposed to a food colour additive.","","","","","","","","","",,,,,"",,,,"SubstanceDefinition.name.domain",0,*,"","ele-1:All FHIR elements must have a @value or children {hasValue() or (children().count() > id.count())}
","Substance_Name.Substance_Name_Domain"
"SubstanceDefinition.name.jurisdiction","","","",0,*,"","","Y","CodeableConcept {[]} {[]}
","The jurisdiction where this name applies","The jurisdiction where this name applies.","","","","","","","","","",,,,,"",,,,"SubstanceDefinition.name.jurisdiction",0,*,"","ele-1:All FHIR elements must have a @value or children {hasValue() or (children().count() > id.count())}
","Substance_Name.Jurisdiction"
"SubstanceDefinition.name.synonym","","","",0,*,"","","Y","","A synonym of this particular name, by which the substance is also known","A synonym of this particular name, by which the substance is also known.","","","","","","","","","",,,,,"",,,,"SubstanceDefinition.name.synonym",0,*,"","ele-1:All FHIR elements must have a @value or children {hasValue() or (children().count() > id.count())}
","n/a"
"SubstanceDefinition.name.translation","","","",0,*,"","","Y","","A translation for this name into another human language","A translation for this name into another human language.","","","","","","","","","",,,,,"",,,,"SubstanceDefinition.name.translation",0,*,"","ele-1:All FHIR elements must have a @value or children {hasValue() or (children().count() > id.count())}
","n/a"
"SubstanceDefinition.name.official","","","",0,*,"","","Y","BackboneElement {[]} {[]}
","Details of the official nature of this name","Details of the official nature of this name.","","","","","","","","","",,,,,"",,,,"SubstanceDefinition.name.official",0,*,"","ele-1:All FHIR elements must have a @value or children {hasValue() or (children().count() > id.count())}
","Substance_Name.Official_Name"
"SubstanceDefinition.name.official.id","","","",0,1,"","","","id {[]} {[]}
","Unique id for inter-element referencing","Unique id for the element within a resource (for internal references). This may be any string value that does not contain spaces.","","","","","","","","","",,,,,"",,,,"Element.id",0,1,"","","n/a"
"SubstanceDefinition.name.official.extension","","extensions
user content","",0,*,"","","","Extension {[]} {[]}
","Additional content defined by implementations","May be used to represent additional information that is not part of the basic definition of the element. To make the use of extensions safe and manageable, there is a strict set of governance  applied to the definition and use of extensions. Though any implementer can define an extension, there is a set of requirements that SHALL be met as part of the definition of the extension.","There can be no stigma associated with the use of extensions by any application, project, or standard - regardless of the institution or jurisdiction that uses or defines the extensions.  The use of extensions is what allows the FHIR specification to retain a core level of simplicity for everyone.","","","","","","","","",,,,,"",,,,"Element.extension",0,*,"","ele-1:All FHIR elements must have a @value or children {hasValue() or (children().count() > id.count())}
ext-1:Must have either extensions or value[x], not both {extension.exists() != value.exists()}","n/a"
"SubstanceDefinition.name.official.modifierExtension","","extensions
user contentmodifiers","",0,*,"","Y","Y","Extension {[]} {[]}
","Extensions that cannot be ignored even if unrecognized","May be used to represent additional information that is not part of the basic definition of the element and that modifies the understanding of the element in which it is contained and/or the understanding of the containing element's descendants. Usually modifier elements provide negation or qualification. To make the use of extensions safe and manageable, there is a strict set of governance applied to the definition and use of extensions. Though any implementer can define an extension, there is a set of requirements that SHALL be met as part of the definition of the extension. Applications processing a resource are required to check for modifier extensions.

Modifier extensions SHALL NOT change the meaning of any elements on Resource or DomainResource (including cannot change the meaning of modifierExtension itself).","There can be no stigma associated with the use of extensions by any application, project, or standard - regardless of the institution or jurisdiction that uses or defines the extensions.  The use of extensions is what allows the FHIR specification to retain a core level of simplicity for everyone.","Modifier extensions allow for extensions that *cannot* be safely ignored to be clearly distinguished from the vast majority of extensions which can be safely ignored.  This promotes interoperability by eliminating the need for implementers to prohibit the presence of extensions. For further information, see the [definition of modifier extensions](http://build.fhir.org/extensibility.html#modifierExtension).","","","","","","","",,,,,"",,,,"BackboneElement.modifierExtension",0,*,"","ele-1:All FHIR elements must have a @value or children {hasValue() or (children().count() > id.count())}
ext-1:Must have either extensions or value[x], not both {extension.exists() != value.exists()}","N/A"
"SubstanceDefinition.name.official.authority","","","",0,1,"","","Y","CodeableConcept {[]} {[]}
","Which authority uses this official name","Which authority uses this official name.","","","","","","","","","",,,,,"",,,,"SubstanceDefinition.name.official.authority",0,1,"","ele-1:All FHIR elements must have a @value or children {hasValue() or (children().count() > id.count())}
","Official_Name.Official_Name_Type"
"SubstanceDefinition.name.official.status","","","",0,1,"","","Y","CodeableConcept {[]} {[]}
","The status of the official name, for example 'provisional', 'approved'","The status of the official name, for example 'provisional', 'approved'.","","","","","","","","","",,,,,"",,,,"SubstanceDefinition.name.official.status",0,1,"","ele-1:All FHIR elements must have a @value or children {hasValue() or (children().count() > id.count())}
","Official_Name.Official_Name_Status"
"SubstanceDefinition.name.official.date","","","",0,1,"","","Y","dateTime {[]} {[]}
","Date of official name change","Date of official name change.","","","","","","","","","",,,,,"",,,,"SubstanceDefinition.name.official.date",0,1,"","ele-1:All FHIR elements must have a @value or children {hasValue() or (children().count() > id.count())}
","Official_Name.Official_Name_Status_Change_Date"
"SubstanceDefinition.name.source","","","",0,*,"","","Y","Reference {[]} {[CanonicalType[http://hl7.org/fhir/StructureDefinition/DocumentReference]]}
","Supporting literature","Supporting literature.","","","","","","","","","",,,,,"",,,,"SubstanceDefinition.name.source",0,*,"","ele-1:All FHIR elements must have a @value or children {hasValue() or (children().count() > id.count())}
","Substance_Name.Reference_Source"
"SubstanceDefinition.relationship","","","",0,*,"","","Y","BackboneElement {[]} {[]}
","A link between this substance and another, with details of the relationship","A link between this substance and another, with details of the relationship.","","","","","","","","","",,,,,"",,,,"SubstanceDefinition.relationship",0,*,"","ele-1:All FHIR elements must have a @value or children {hasValue() or (children().count() > id.count())}
","Substance.Reference_Information.Relationship"
"SubstanceDefinition.relationship.id","","","",0,1,"","","","id {[]} {[]}
","Unique id for inter-element referencing","Unique id for the element within a resource (for internal references). This may be any string value that does not contain spaces.","","","","","","","","","",,,,,"",,,,"Element.id",0,1,"","","n/a"
"SubstanceDefinition.relationship.extension","","extensions
user content","",0,*,"","","","Extension {[]} {[]}
","Additional content defined by implementations","May be used to represent additional information that is not part of the basic definition of the element. To make the use of extensions safe and manageable, there is a strict set of governance  applied to the definition and use of extensions. Though any implementer can define an extension, there is a set of requirements that SHALL be met as part of the definition of the extension.","There can be no stigma associated with the use of extensions by any application, project, or standard - regardless of the institution or jurisdiction that uses or defines the extensions.  The use of extensions is what allows the FHIR specification to retain a core level of simplicity for everyone.","","","","","","","","",,,,,"",,,,"Element.extension",0,*,"","ele-1:All FHIR elements must have a @value or children {hasValue() or (children().count() > id.count())}
ext-1:Must have either extensions or value[x], not both {extension.exists() != value.exists()}","n/a"
"SubstanceDefinition.relationship.modifierExtension","","extensions
user contentmodifiers","",0,*,"","Y","Y","Extension {[]} {[]}
","Extensions that cannot be ignored even if unrecognized","May be used to represent additional information that is not part of the basic definition of the element and that modifies the understanding of the element in which it is contained and/or the understanding of the containing element's descendants. Usually modifier elements provide negation or qualification. To make the use of extensions safe and manageable, there is a strict set of governance applied to the definition and use of extensions. Though any implementer can define an extension, there is a set of requirements that SHALL be met as part of the definition of the extension. Applications processing a resource are required to check for modifier extensions.

Modifier extensions SHALL NOT change the meaning of any elements on Resource or DomainResource (including cannot change the meaning of modifierExtension itself).","There can be no stigma associated with the use of extensions by any application, project, or standard - regardless of the institution or jurisdiction that uses or defines the extensions.  The use of extensions is what allows the FHIR specification to retain a core level of simplicity for everyone.","Modifier extensions allow for extensions that *cannot* be safely ignored to be clearly distinguished from the vast majority of extensions which can be safely ignored.  This promotes interoperability by eliminating the need for implementers to prohibit the presence of extensions. For further information, see the [definition of modifier extensions](http://build.fhir.org/extensibility.html#modifierExtension).","","","","","","","",,,,,"",,,,"BackboneElement.modifierExtension",0,*,"","ele-1:All FHIR elements must have a @value or children {hasValue() or (children().count() > id.count())}
ext-1:Must have either extensions or value[x], not both {extension.exists() != value.exists()}","N/A"
"SubstanceDefinition.relationship.substanceDefinition[x]","","","",0,1,"","","Y","Reference {[]} {[]}
","A pointer to another substance, as a resource or just a representational code","A pointer to another substance, as a resource or just a representational code.","","","","","","","","","",,,,,"","type:$this}
","",,"closed","SubstanceDefinition.relationship.substanceDefinition[x]",0,1,"","ele-1:All FHIR elements must have a @value or children {hasValue() or (children().count() > id.count())}
","Substance_Relationship.Related_Substance_Id"
"SubstanceDefinition.relationship.substanceDefinition[x]","substanceDefinitionReference","","",0,1,"","","Y","Reference {[]} {[CanonicalType[http://example.org/StructureDefinition/pqcmc-DrugSubstanceImpurity], CanonicalType[http://example.org/StructureDefinition/pqcmc-PolymorphicForm], CanonicalType[http://example.org/StructureDefinition/pqcmc-ComponentSubstance]]}
","A pointer to another substance, as a resource or just a representational code","A pointer to another substance, as a resource or just a representational code.","","","","","","","","","",,,,,"",,,,"SubstanceDefinition.relationship.substanceDefinition[x]",0,1,"","ele-1:All FHIR elements must have a @value or children {hasValue() or (children().count() > id.count())}
","Substance_Relationship.Related_Substance_Id"
"SubstanceDefinition.relationship.type","","","",0,1,"","","Y","CodeableConcept {[]} {[]}
","For example ""salt to parent"", ""active moiety"", ""starting material"", ""polymorph"", ""impurity of""","For example ""salt to parent"", ""active moiety"", ""starting material"", ""polymorph"", ""impurity of"".","","","","","","","","","",,,,,"",,,,"SubstanceDefinition.relationship.type",0,1,"","ele-1:All FHIR elements must have a @value or children {hasValue() or (children().count() > id.count())}
","Substance_Relationship.Relationship_Type"
"SubstanceDefinition.relationship.type.id","","","",0,1,"","","","string {[]} {[]}
","Unique id for inter-element referencing","Unique id for the element within a resource (for internal references). This may be any string value that does not contain spaces.","","","","","","","","","",,,,,"",,,,"Element.id",0,1,"","","n/a"
"SubstanceDefinition.relationship.type.extension","","extensions
user content","",0,*,"","","","Extension {[]} {[]}
","Additional content defined by implementations","May be used to represent additional information that is not part of the basic definition of the element. To make the use of extensions safe and manageable, there is a strict set of governance  applied to the definition and use of extensions. Though any implementer can define an extension, there is a set of requirements that SHALL be met as part of the definition of the extension.","There can be no stigma associated with the use of extensions by any application, project, or standard - regardless of the institution or jurisdiction that uses or defines the extensions.  The use of extensions is what allows the FHIR specification to retain a core level of simplicity for everyone.","","","","","","","","",,,,,"","value:url}
","Extensions are always sliced by (at least) url",,"open","Element.extension",0,*,"","ele-1:All FHIR elements must have a @value or children {hasValue() or (children().count() > id.count())}
ext-1:Must have either extensions or value[x], not both {extension.exists() != value.exists()}","n/a"
"SubstanceDefinition.relationship.type.coding","","","",0,*,"","","Y","Coding {[]} {[]}
","Code defined by a terminology system","A reference to a code defined by a terminology system.","Codes may be defined very casually in enumerations, or code lists, up to very formal definitions such as SNOMED CT - see the HL7 v3 Core Principles for more information.  Ordering of codings is undefined and SHALL NOT be used to infer meaning. Generally, at most only one of the coding values will be labeled as UserSelected = true.","Allows for alternative encodings within a code system, and translations to other code systems.","","","","","","","",,,,,"",,,,"CodeableConcept.coding",0,*,"","ele-1:All FHIR elements must have a @value or children {hasValue() or (children().count() > id.count())}
","union(., ./translation)"
"SubstanceDefinition.relationship.type.text","","","",0,1,"","","Y","string {[]} {[]}
","Preferred values: 'Polymorph', 'Raw Material', and  'Impurity'","A human language representation of the concept as seen/selected/uttered by the user who entered the data and/or which represents the intended meaning of the user.","Very often the text is the same as a displayName of one of the codings.","The codes from the terminologies do not always capture the correct meaning with all the nuances of the human using them, or sometimes there is no appropriate code at all. In these cases, the text is used to capture the full meaning of the source.","","","","","","","",,,,,"",,,,"CodeableConcept.text",0,1,"","ele-1:All FHIR elements must have a @value or children {hasValue() or (children().count() > id.count())}
","./originalText[mediaType/code=""text/plain""]/data"
"SubstanceDefinition.relationship.isDefining","","","",0,1,"","","Y","boolean {[]} {[]}
","For example where an enzyme strongly bonds with a particular substance, this is a defining relationship for that enzyme, out of several possible substance relationships","For example where an enzyme strongly bonds with a particular substance, this is a defining relationship for that enzyme, out of several possible substance relationships.","","","","","","","","","",,,,,"",,,,"SubstanceDefinition.relationship.isDefining",0,1,"","ele-1:All FHIR elements must have a @value or children {hasValue() or (children().count() > id.count())}
","Substance_Relationship.Is_Defining"
"SubstanceDefinition.relationship.amount[x]","","","",0,1,"","","Y","Quantity {[]} {[]}
Ratio {[]} {[]}string {[]} {[]}","A numeric factor for the relationship, for instance to express that the salt of a substance has some percentage of the active substance in relation to some other","A numeric factor for the relationship, for instance to express that the salt of a substance has some percentage of the active substance in relation to some other.","","","","","","","","","",,,,,"",,,,"SubstanceDefinition.relationship.amount[x]",0,1,"","ele-1:All FHIR elements must have a @value or children {hasValue() or (children().count() > id.count())}
","Substance_Relationship.Amount.Quantity"
"SubstanceDefinition.relationship.amountRatioHighLimit","","","",0,1,"","","Y","Ratio {[]} {[]}
","For use when the numeric has an uncertain range","For use when the numeric has an uncertain range.","","","","","","","","","",,,,,"",,,,"SubstanceDefinition.relationship.amountRatioHighLimit",0,1,"","ele-1:All FHIR elements must have a @value or children {hasValue() or (children().count() > id.count())}
","Substance_Relationship.Amount.Quantity.High_Limit"
"SubstanceDefinition.relationship.amountType","","","",0,1,"","","Y","CodeableConcept {[]} {[]}
","An operator for the amount, for example ""average"", ""approximately"", ""less than""","An operator for the amount, for example ""average"", ""approximately"", ""less than"".","","","","","","","","","",,,,,"",,,,"SubstanceDefinition.relationship.amountType",0,1,"","ele-1:All FHIR elements must have a @value or children {hasValue() or (children().count() > id.count())}
","Substance_Relationship.Amount_Type"
"SubstanceDefinition.relationship.source","","","",0,*,"","","Y","Reference {[]} {[CanonicalType[http://hl7.org/fhir/StructureDefinition/DocumentReference]]}
","Supporting literature","Supporting literature.","","","","","","","","","",,,,,"",,,,"SubstanceDefinition.relationship.source",0,*,"","ele-1:All FHIR elements must have a @value or children {hasValue() or (children().count() > id.count())}
","Substance_Relationship.Reference_Source"
"SubstanceDefinition.nucleicAcid","","","",0,1,"","","Y","Reference {[]} {[CanonicalType[http://hl7.org/fhir/StructureDefinition/SubstanceNucleicAcid]]}
","Data items specific to nucleic acids","Data items specific to nucleic acids.","","","","","","","","","",,,,,"",,,,"SubstanceDefinition.nucleicAcid",0,1,"","ele-1:All FHIR elements must have a @value or children {hasValue() or (children().count() > id.count())}
","(used to add specifics of Nucleic Acids to Substances)"
"SubstanceDefinition.polymer","","","",0,1,"","","Y","Reference {[]} {[CanonicalType[http://hl7.org/fhir/StructureDefinition/SubstancePolymer]]}
","Data items specific to polymers","Data items specific to polymers.","","","","","","","","","",,,,,"",,,,"SubstanceDefinition.polymer",0,1,"","ele-1:All FHIR elements must have a @value or children {hasValue() or (children().count() > id.count())}
","(used to  add specifics of Polymers to Substances)"
"SubstanceDefinition.protein","","","",0,1,"","","Y","Reference {[]} {[CanonicalType[http://hl7.org/fhir/StructureDefinition/SubstanceProtein]]}
","Data items specific to proteins","Data items specific to proteins.","","","","","","","","","",,,,,"",,,,"SubstanceDefinition.protein",0,1,"","ele-1:All FHIR elements must have a @value or children {hasValue() or (children().count() > id.count())}
","(used to  add specifics of Proteins to Substances)"
"SubstanceDefinition.sourceMaterial","","","",0,1,"","","Y","BackboneElement {[]} {[]}
","Material or taxonomic/anatomical source for the substance","Material or taxonomic/anatomical source for the substance.","","","","","","","","","",,,,,"",,,,"SubstanceDefinition.sourceMaterial",0,1,"","ele-1:All FHIR elements must have a @value or children {hasValue() or (children().count() > id.count())}
","Substance.Source_Material"
"SubstanceDefinition.sourceMaterial.id","","","",0,1,"","","","id {[]} {[]}
","Unique id for inter-element referencing","Unique id for the element within a resource (for internal references). This may be any string value that does not contain spaces.","","","","","","","","","",,,,,"",,,,"Element.id",0,1,"","","n/a"
"SubstanceDefinition.sourceMaterial.extension","","extensions
user content","",0,*,"","","","Extension {[]} {[]}
","Additional content defined by implementations","May be used to represent additional information that is not part of the basic definition of the element. To make the use of extensions safe and manageable, there is a strict set of governance  applied to the definition and use of extensions. Though any implementer can define an extension, there is a set of requirements that SHALL be met as part of the definition of the extension.","There can be no stigma associated with the use of extensions by any application, project, or standard - regardless of the institution or jurisdiction that uses or defines the extensions.  The use of extensions is what allows the FHIR specification to retain a core level of simplicity for everyone.","","","","","","","","",,,,,"",,,,"Element.extension",0,*,"","ele-1:All FHIR elements must have a @value or children {hasValue() or (children().count() > id.count())}
ext-1:Must have either extensions or value[x], not both {extension.exists() != value.exists()}","n/a"
"SubstanceDefinition.sourceMaterial.modifierExtension","","extensions
user contentmodifiers","",0,*,"","Y","Y","Extension {[]} {[]}
","Extensions that cannot be ignored even if unrecognized","May be used to represent additional information that is not part of the basic definition of the element and that modifies the understanding of the element in which it is contained and/or the understanding of the containing element's descendants. Usually modifier elements provide negation or qualification. To make the use of extensions safe and manageable, there is a strict set of governance applied to the definition and use of extensions. Though any implementer can define an extension, there is a set of requirements that SHALL be met as part of the definition of the extension. Applications processing a resource are required to check for modifier extensions.

Modifier extensions SHALL NOT change the meaning of any elements on Resource or DomainResource (including cannot change the meaning of modifierExtension itself).","There can be no stigma associated with the use of extensions by any application, project, or standard - regardless of the institution or jurisdiction that uses or defines the extensions.  The use of extensions is what allows the FHIR specification to retain a core level of simplicity for everyone.","Modifier extensions allow for extensions that *cannot* be safely ignored to be clearly distinguished from the vast majority of extensions which can be safely ignored.  This promotes interoperability by eliminating the need for implementers to prohibit the presence of extensions. For further information, see the [definition of modifier extensions](http://build.fhir.org/extensibility.html#modifierExtension).","","","","","","","",,,,,"",,,,"BackboneElement.modifierExtension",0,*,"","ele-1:All FHIR elements must have a @value or children {hasValue() or (children().count() > id.count())}
ext-1:Must have either extensions or value[x], not both {extension.exists() != value.exists()}","N/A"
"SubstanceDefinition.sourceMaterial.type","","","",0,1,"","","Y","CodeableConcept {[]} {[]}
","A classification that provides the origin of the raw material. Example: cat hair would be an Animal source type","A classification that provides the origin of the raw material. Example: cat hair would be an Animal source type.","","","","","","","","","",,,,,"",,,,"SubstanceDefinition.sourceMaterial.type",0,1,"","ele-1:All FHIR elements must have a @value or children {hasValue() or (children().count() > id.count())}
","Source_Material.Source_Material_Type"
"SubstanceDefinition.sourceMaterial.genus","","","",0,1,"","","Y","CodeableConcept {[]} {[]}
","The genus of an organism, typically referring to the Latin epithet of the genus element of the plant/animal scientific name","The genus of an organism, typically referring to the Latin epithet of the genus element of the plant/animal scientific name.","","","","","","","","","",,,,,"",,,,"SubstanceDefinition.sourceMaterial.genus",0,1,"","ele-1:All FHIR elements must have a @value or children {hasValue() or (children().count() > id.count())}
","Source_Material.Organism.Genus"
"SubstanceDefinition.sourceMaterial.species","","","",0,1,"","","Y","CodeableConcept {[]} {[]}
","The species of an organism, typically referring to the Latin epithet of the species of the plant/animal","The species of an organism, typically referring to the Latin epithet of the species of the plant/animal.","","","","","","","","","",,,,,"",,,,"SubstanceDefinition.sourceMaterial.species",0,1,"","ele-1:All FHIR elements must have a @value or children {hasValue() or (children().count() > id.count())}
","Source_Material.Organism.Species"
"SubstanceDefinition.sourceMaterial.part","","","",0,1,"","","Y","CodeableConcept {[]} {[]}
","An anatomical origin of the source material within an organism","An anatomical origin of the source material within an organism.","","","","","","","","","",,,,,"",,,,"SubstanceDefinition.sourceMaterial.part",0,1,"","ele-1:All FHIR elements must have a @value or children {hasValue() or (children().count() > id.count())}
","Source_Material.Part_Description.Part"
"SubstanceDefinition.sourceMaterial.countryOfOrigin","","","",0,*,"","","Y","CodeableConcept {[]} {[]}
","The country or countries where the material is harvested","The country or countries where the material is harvested.","","","","","","","","","",,,,,"",,,,"SubstanceDefinition.sourceMaterial.countryOfOrigin",0,*,"","ele-1:All FHIR elements must have a @value or children {hasValue() or (children().count() > id.count())}
","Source_Material.Country_Of_Origin"
