"Path","Slice Name","Alias(s)","Label","Min","Max","Must Support?","Is Modifier?","Is Summary?","Type(s)","Short","Definition","Comments","Requirements","Default Value","Meaning When Missing","Fixed Value","Pattern","Example","Minimum Value","Maximum Value","Maximum Length","Binding Strength","Binding Description","Binding Value Set","Code","Slicing Discriminator","Slicing Description","Slicing Ordered","Slicing Rules","Base Path","Base Min","Base Max","Condition(s)","Constraint(s)","Mapping: IDMP Mapping","Mapping: FiveWs Pattern Mapping","Mapping: RIM Mapping"
"MedicinalProductDefinition","","","",0,*,"","","","","Detailed definition of a medicinal product, typically for uses other than direct patient care (e.g. regulatory use, drug catalogs)","Detailed definition of a medicinal product, typically for uses other than direct patient care (e.g. regulatory use, drug catalogs).","","","","","","","","","",,,,,"",,,,"MedicinalProductDefinition",0,*,"","dom-2:If the resource is contained in another resource, it SHALL NOT contain nested Resources {contained.contained.empty()}
dom-3:If the resource is contained in another resource, it SHALL be referred to from elsewhere in the resource or SHALL refer to the containing resource {contained.where((('#'+id in (%resource.descendants().reference | %resource.descendants().as(canonical) | %resource.descendants().as(uri) | %resource.descendants().as(url))) or descendants().where(reference = '#').exists() or descendants().where(as(canonical) = '#').exists() or descendants().where(as(canonical) = '#').exists()).not()).trace('unmatched', id).empty()}dom-4:If a resource is contained in another resource, it SHALL NOT have a meta.versionId or a meta.lastUpdated {contained.meta.versionId.empty() and contained.meta.lastUpdated.empty()}dom-5:If a resource is contained in another resource, it SHALL NOT have a security label {contained.meta.security.empty()}dom-6:A resource should have narrative for robust management {text.`div`.exists()}","Medicinal Product and Investigational Medicinal Product","administrative.medication","Entity. Role, or Act"
"MedicinalProductDefinition.id","","","",0,1,"","","Y","id {[]} {[]}
","Logical id of this artifact","The logical id of the resource, as used in the URL for the resource. Once assigned, this value never changes.","Typically, the resource has an id except for cases like the create operation, conditional updates.","","","","","","","","",,,,,"",,,,"Resource.id",0,1,"",""
"MedicinalProductDefinition.meta","","","",0,1,"","","Y","Meta {[]} {[]}
","Metadata about the resource","The metadata about the resource. This is content that is maintained by the infrastructure. Changes to the content might not always be associated with version changes to the resource.","","","","","","","","","",,,,,"",,,,"Resource.meta",0,1,"","ele-1:All FHIR elements must have a @value or children {hasValue() or (children().count() > id.count())}
"
"MedicinalProductDefinition.implicitRules","","","",0,1,"","Y","Y","uri {[]} {[]}
","A set of rules under which this content was created","A reference to a set of rules that were followed when the resource was constructed, and which must be understood when processing the content. Often, this is a reference to an implementation guide that defines the special rules along with other profiles etc.","Asserting this rule set restricts the content to be only understood by a limited set of trading partners. This inherently limits the usefulness of the data in the long term. However, the existing health eco-system is highly fractured, and not yet ready to define, collect, and exchange data in a generally computable sense. Wherever possible, implementers and/or specification writers should avoid using this element. Often, when used, the URL is a reference to an implementation guide that defines these special rules as part of it's narrative along with other profiles, value sets, etc.","","","","","","","","",,,,,"",,,,"Resource.implicitRules",0,1,"","ele-1:All FHIR elements must have a @value or children {hasValue() or (children().count() > id.count())}
"
"MedicinalProductDefinition.language","","","",0,1,"","","","code {[]} {[]}
","Language of the resource content","The base language in which the resource is written.","Language is provided to support indexing and accessibility (typically, services such as text to speech use the language tag). The html language tag in the narrative applies  to the narrative. The language tag on the resource may be used to specify the language of other presentations generated from the data in the resource. Not all the content has to be in the base language. The Resource.language should not be assumed to apply to the narrative automatically. If a language is specified, it should it also be specified on the div element in the html (see rules in HTML5 for information about the relationship between xml:lang and the html lang attribute).","","","","","","","","",,"preferred","IETF language tag","http://hl7.org/fhir/ValueSet/languages","",,,,"Resource.language",0,1,"","ele-1:All FHIR elements must have a @value or children {hasValue() or (children().count() > id.count())}
"
"MedicinalProductDefinition.text","","narrative
htmlxhtmldisplay","",0,1,"","","","Narrative {[]} {[]}
","Text summary of the resource, for human interpretation","A human-readable narrative that contains a summary of the resource and can be used to represent the content of the resource to a human. The narrative need not encode all the structured data, but is required to contain sufficient detail to make it ""clinically safe"" for a human to just read the narrative. Resource definitions may define what content should be represented in the narrative to ensure clinical safety.","Contained resources do not have a narrative. Resources that are not contained SHOULD have a narrative. In some cases, a resource may only have text with little or no additional discrete data (as long as all minOccurs=1 elements are satisfied).  This may be necessary for data from legacy systems where information is captured as a ""text blob"" or where text is additionally entered raw or narrated and encoded information is added later.","","","","","","","","",,,,,"",,,,"DomainResource.text",0,1,"","ele-1:All FHIR elements must have a @value or children {hasValue() or (children().count() > id.count())}
","Act.text?"
"MedicinalProductDefinition.contained","","inline resources
anonymous resourcescontained resources","",0,*,"","","","Resource {[]} {[]}
","Contained, inline Resources","These resources do not have an independent existence apart from the resource that contains them - they cannot be identified independently, nor can they have their own independent transaction scope.","This should never be done when the content can be identified properly, as once identification is lost, it is extremely difficult (and context dependent) to restore it again. Contained resources may have profiles and tags In their meta elements, but SHALL NOT have security labels.","","","","","","","","",,,,,"",,,,"DomainResource.contained",0,*,"","","N/A"
"MedicinalProductDefinition.extension","","extensions
user content","",0,*,"","","","Extension {[]} {[]}
","Additional content defined by implementations","May be used to represent additional information that is not part of the basic definition of the resource. To make the use of extensions safe and manageable, there is a strict set of governance  applied to the definition and use of extensions. Though any implementer can define an extension, there is a set of requirements that SHALL be met as part of the definition of the extension.","There can be no stigma associated with the use of extensions by any application, project, or standard - regardless of the institution or jurisdiction that uses or defines the extensions.  The use of extensions is what allows the FHIR specification to retain a core level of simplicity for everyone.","","","","","","","","",,,,,"",,,,"DomainResource.extension",0,*,"","ele-1:All FHIR elements must have a @value or children {hasValue() or (children().count() > id.count())}
ext-1:Must have either extensions or value[x], not both {extension.exists() != value.exists()}","N/A"
"MedicinalProductDefinition.modifierExtension","","extensions
user content","",0,*,"","Y","","Extension {[]} {[]}
","Extensions that cannot be ignored","May be used to represent additional information that is not part of the basic definition of the resource and that modifies the understanding of the element that contains it and/or the understanding of the containing element's descendants. Usually modifier elements provide negation or qualification. To make the use of extensions safe and manageable, there is a strict set of governance applied to the definition and use of extensions. Though any implementer is allowed to define an extension, there is a set of requirements that SHALL be met as part of the definition of the extension. Applications processing a resource are required to check for modifier extensions.

Modifier extensions SHALL NOT change the meaning of any elements on Resource or DomainResource (including cannot change the meaning of modifierExtension itself).","There can be no stigma associated with the use of extensions by any application, project, or standard - regardless of the institution or jurisdiction that uses or defines the extensions.  The use of extensions is what allows the FHIR specification to retain a core level of simplicity for everyone.","Modifier extensions allow for extensions that *cannot* be safely ignored to be clearly distinguished from the vast majority of extensions which can be safely ignored.  This promotes interoperability by eliminating the need for implementers to prohibit the presence of extensions. For further information, see the [definition of modifier extensions](http://build.fhir.org/extensibility.html#modifierExtension).","","","","","","","",,,,,"",,,,"DomainResource.modifierExtension",0,*,"","ele-1:All FHIR elements must have a @value or children {hasValue() or (children().count() > id.count())}
ext-1:Must have either extensions or value[x], not both {extension.exists() != value.exists()}","N/A"
"MedicinalProductDefinition.identifier","","MPID
","",0,*,"","","Y","Identifier {[]} {[]}
","Business identifier for this product. Could be an MPID","Business identifier for this product. Could be an MPID.","","","","","","","","","",,,,,"",,,,"MedicinalProductDefinition.identifier",0,*,"","ele-1:All FHIR elements must have a @value or children {hasValue() or (children().count() > id.count())}
","Medicinal Product.MPID, Investigational Medicinal Product.IMPID"
"MedicinalProductDefinition.type","","","",0,1,"","","Y","CodeableConcept {[]} {[]}
","Regulatory type, e.g. Investigational or Authorized","Regulatory type, e.g. Investigational or Authorized.","","","","","","","","","",,,,,"",,,,"MedicinalProductDefinition.type",0,1,"","ele-1:All FHIR elements must have a @value or children {hasValue() or (children().count() > id.count())}
","(indicates if this is Medicinal Product or an Investigational Medicinal Product)"
"MedicinalProductDefinition.domain","","","",0,1,"","","Y","CodeableConcept {[]} {[]}
","If this medicine applies to human or veterinary uses","If this medicine applies to human or veterinary uses.","","","","","","","","","",,,,,"",,,,"MedicinalProductDefinition.domain",0,1,"","ele-1:All FHIR elements must have a @value or children {hasValue() or (children().count() > id.count())}
","n/a"
"MedicinalProductDefinition.version","","","",0,1,"","","Y","string {[]} {[]}
","A business identifier relating to a specific version of the product, this is commonly used to support revisions to an existing product","A business identifier relating to a specific version of the product, this is commonly used to support revisions to an existing product.","","","","","","","","","",,,,,"",,,,"MedicinalProductDefinition.version",0,1,"","ele-1:All FHIR elements must have a @value or children {hasValue() or (children().count() > id.count())}
","Medicinal Product.Header.Version Number"
"MedicinalProductDefinition.status","","","",0,1,"","Y","Y","CodeableConcept {[]} {[]}
","The status within the lifecycle of this product record. A high-level status, this is not intended to duplicate details carried elsewhere such as legal status, or authorization status","The status within the lifecycle of this product record. A high-level status, this is not intended to duplicate details carried elsewhere such as legal status, or authorization status.","","","","","","","","","",,"preferred","Identifies the level of importance to be assigned to actioning the request.","http://hl7.org/fhir/ValueSet/publication-status","",,,,"MedicinalProductDefinition.status",0,1,"","ele-1:All FHIR elements must have a @value or children {hasValue() or (children().count() > id.count())}
","n/a"
"MedicinalProductDefinition.statusDate","","","",0,1,"","","Y","dateTime {[]} {[]}
","The date at which the given status became applicable","The date at which the given status became applicable.","","","","","","","","","",,,,,"",,,,"MedicinalProductDefinition.statusDate",0,1,"","ele-1:All FHIR elements must have a @value or children {hasValue() or (children().count() > id.count())}
","n/a"
"MedicinalProductDefinition.description","","","",0,1,"","","Y","markdown {[]} {[]}
","General description of this product","General description of this product.","","","","","","","","","",,,,,"",,,,"MedicinalProductDefinition.description",0,1,"","ele-1:All FHIR elements must have a @value or children {hasValue() or (children().count() > id.count())}
","n/a"
"MedicinalProductDefinition.combinedPharmaceuticalDoseForm","","","",0,1,"","","Y","CodeableConcept {[]} {[]}
","The dose form for a single part product, or combined form of a multiple part product","The dose form for a single part product, or combined form of a multiple part product.","","","","","","","","","",,,,,"",,,,"MedicinalProductDefinition.combinedPharmaceuticalDoseForm",0,1,"","ele-1:All FHIR elements must have a @value or children {hasValue() or (children().count() > id.count())}
","Medicinal Product.Combined Pharmaceutical Dose Form"
"MedicinalProductDefinition.route","","","",0,*,"","","Y","CodeableConcept {[]} {[]}
","The path by which the product is taken into or makes contact with the body. In some regions this is referred to as the licenced or approved route. See also AdministrableProductDefinition resource","The path by which the product is taken into or makes contact with the body. In some regions this is referred to as the licenced or approved route. See also AdministrableProductDefinition resource.","","","","","","","","","",,,,,"",,,,"MedicinalProductDefinition.route",0,*,"","ele-1:All FHIR elements must have a @value or children {hasValue() or (children().count() > id.count())}
","Pharmaceutical Product.Route of Administration"
"MedicinalProductDefinition.indication","","","",0,1,"","","Y","markdown {[]} {[]}
","Description of indication(s) for this product, used when structured indications are not required. In cases where structured indications are required, they are captured using the ClinicalUseDefinition resource. An indication is a medical situation for which using the product is appropriate","Description of indication(s) for this product, used when structured indications are not required. In cases where structured indications are required, they are captured using the ClinicalUseDefinition resource. An indication is a medical situation for which using the product is appropriate.","","","","","","","","","",,,,,"",,,,"MedicinalProductDefinition.indication",0,1,"","ele-1:All FHIR elements must have a @value or children {hasValue() or (children().count() > id.count())}
","(roll up of all text in Therapeutic Indication.Indication Text, for common case where information is not granular)"
"MedicinalProductDefinition.legalStatusOfSupply","","","",0,1,"","","Y","CodeableConcept {[]} {[]}
","The legal status of supply of the medicinal product as classified by the regulator","The legal status of supply of the medicinal product as classified by the regulator.","","","","","","","","","",,,,,"",,,,"MedicinalProductDefinition.legalStatusOfSupply",0,1,"","ele-1:All FHIR elements must have a @value or children {hasValue() or (children().count() > id.count())}
","Marketing Authorisation.Legal Status of Supply (moved here for practicality)"
"MedicinalProductDefinition.additionalMonitoringIndicator","","","",0,1,"","","Y","CodeableConcept {[]} {[]}
","Whether the Medicinal Product is subject to additional monitoring for regulatory reasons","Whether the Medicinal Product is subject to additional monitoring for regulatory reasons.","","","","","","","","","",,,,,"",,,,"MedicinalProductDefinition.additionalMonitoringIndicator",0,1,"","ele-1:All FHIR elements must have a @value or children {hasValue() or (children().count() > id.count())}
","Medicinal Product.Additional Monitoring Indicator"
"MedicinalProductDefinition.specialMeasures","","","",0,*,"","","Y","CodeableConcept {[]} {[]}
","Whether the Medicinal Product is subject to special measures for regulatory reasons","Whether the Medicinal Product is subject to special measures for regulatory reasons.","","","","","","","","","",,,,,"",,,,"MedicinalProductDefinition.specialMeasures",0,*,"","ele-1:All FHIR elements must have a @value or children {hasValue() or (children().count() > id.count())}
","Medicinal Product.Special Measures"
"MedicinalProductDefinition.pediatricUseIndicator","","","",0,1,"","","Y","CodeableConcept {[]} {[]}
","If authorised for use in children","If authorised for use in children.","","","","","","","","","",,,,,"",,,,"MedicinalProductDefinition.pediatricUseIndicator",0,1,"","ele-1:All FHIR elements must have a @value or children {hasValue() or (children().count() > id.count())}
","Medicinal Product.Pediatric Use Indicator"
"MedicinalProductDefinition.classification","","","",0,*,"","","Y","CodeableConcept {[]} {[]}
","Allows the product to be classified by various systems","Allows the product to be classified by various systems.","","","","","","","","","",,,,,"",,,,"MedicinalProductDefinition.classification",0,*,"","ele-1:All FHIR elements must have a @value or children {hasValue() or (children().count() > id.count())}
","Product Classification.Value"
"MedicinalProductDefinition.characteristic","","","",0,*,"","","Y","CodeableConcept {[]} {[]}
","Allows the key product features to be recorded, such as ""sugar free"", ""modified release"", ""parallel import""","Allows the key product features to be recorded, such as ""sugar free"", ""modified release"", ""parallel import"".","","","","","","","","","",,,,,"",,,,"MedicinalProductDefinition.characteristic",0,*,"","ele-1:All FHIR elements must have a @value or children {hasValue() or (children().count() > id.count())}
","Product Classification.Value"
"MedicinalProductDefinition.marketingStatus","","","",0,*,"","","Y","MarketingStatus {[]} {[]}
","Marketing status of the medicinal product, in contrast to marketing authorization","Marketing status of the medicinal product, in contrast to marketing authorization.","","","","","","","","","",,,,,"",,,,"MedicinalProductDefinition.marketingStatus",0,*,"","ele-1:All FHIR elements must have a @value or children {hasValue() or (children().count() > id.count())}
","Marketing Status"
"MedicinalProductDefinition.ingredient","","","",0,*,"","","Y","CodeableReference {[]} {[CanonicalType[http://hl7.org/fhir/StructureDefinition/Ingredient]]}
","The ingredients of this medicinal product - when not detailed in other resources. This is only needed if the ingredients are not specified by the AdministrableProductDefinition or via the PackagedProductDefinition references above. In cases where those levels of detail are not used, the ingredients may be specified directly here","The ingredients of this medicinal product - when not detailed in other resources. This is only needed if the ingredients are not specified by the AdministrableProductDefinition or via the PackagedProductDefinition references above. In cases where those levels of detail are not used, the ingredients may be specified directly here.","","","","","","","","","",,,,,"",,,,"MedicinalProductDefinition.ingredient",0,*,"","ele-1:All FHIR elements must have a @value or children {hasValue() or (children().count() > id.count())}
","n/a (a direct link from Medicinal Product to Ingredient, for cases where less detail is warranted)"
"MedicinalProductDefinition.impurity","","","",0,*,"","","Y","CodeableReference {[]} {[CanonicalType[http://hl7.org/fhir/StructureDefinition/SubstanceDefinition]]}
","Any component of the drug product which is not the chemical entity defined as the drug substance or an excipient in the drug product. This includes process-related impurities and contaminants, product-related impurities including degradation products","Any component of the drug product which is not the chemical entity defined as the drug substance or an excipient in the drug product. This includes process-related impurities and contaminants, product-related impurities including degradation products.","","","","","","","","","",,,,,"",,,,"MedicinalProductDefinition.impurity",0,*,"","ele-1:All FHIR elements must have a @value or children {hasValue() or (children().count() > id.count())}
","n/a"
"MedicinalProductDefinition.attachedDocument","","","",0,*,"","","Y","Reference {[]} {[CanonicalType[http://hl7.org/fhir/StructureDefinition/DocumentReference]]}
","Additional information or supporting documentation about the medicinal product","Additional information or supporting documentation about the medicinal product.","","","","","","","","","",,,,,"",,,,"MedicinalProductDefinition.attachedDocument",0,*,"","ele-1:All FHIR elements must have a @value or children {hasValue() or (children().count() > id.count())}
","Attached Document"
"MedicinalProductDefinition.masterFile","","","",0,*,"","","Y","Reference {[]} {[CanonicalType[http://hl7.org/fhir/StructureDefinition/DocumentReference]]}
","A master file for to the medicinal product (e.g. Pharmacovigilance System Master File)","A master file for to the medicinal product (e.g. Pharmacovigilance System Master File).","","","","","","","","","",,,,,"",,,,"MedicinalProductDefinition.masterFile",0,*,"","ele-1:All FHIR elements must have a @value or children {hasValue() or (children().count() > id.count())}
","Master File"
"MedicinalProductDefinition.contact","","","",0,*,"","","Y","BackboneElement {[]} {[]}
","A product specific contact, person (in a role), or an organization","A product specific contact, person (in a role), or an organization.","","","","","","","","","",,,,,"",,,,"MedicinalProductDefinition.contact",0,*,"","ele-1:All FHIR elements must have a @value or children {hasValue() or (children().count() > id.count())}
","n/a"
"MedicinalProductDefinition.contact.id","","","",0,1,"","","","id {[]} {[]}
","Unique id for inter-element referencing","Unique id for the element within a resource (for internal references). This may be any string value that does not contain spaces.","","","","","","","","","",,,,,"",,,,"Element.id",0,1,"","","n/a"
"MedicinalProductDefinition.contact.extension","","extensions
user content","",0,*,"","","","Extension {[]} {[]}
","Additional content defined by implementations","May be used to represent additional information that is not part of the basic definition of the element. To make the use of extensions safe and manageable, there is a strict set of governance  applied to the definition and use of extensions. Though any implementer can define an extension, there is a set of requirements that SHALL be met as part of the definition of the extension.","There can be no stigma associated with the use of extensions by any application, project, or standard - regardless of the institution or jurisdiction that uses or defines the extensions.  The use of extensions is what allows the FHIR specification to retain a core level of simplicity for everyone.","","","","","","","","",,,,,"",,,,"Element.extension",0,*,"","ele-1:All FHIR elements must have a @value or children {hasValue() or (children().count() > id.count())}
ext-1:Must have either extensions or value[x], not both {extension.exists() != value.exists()}","n/a"
"MedicinalProductDefinition.contact.modifierExtension","","extensions
user contentmodifiers","",0,*,"","Y","Y","Extension {[]} {[]}
","Extensions that cannot be ignored even if unrecognized","May be used to represent additional information that is not part of the basic definition of the element and that modifies the understanding of the element in which it is contained and/or the understanding of the containing element's descendants. Usually modifier elements provide negation or qualification. To make the use of extensions safe and manageable, there is a strict set of governance applied to the definition and use of extensions. Though any implementer can define an extension, there is a set of requirements that SHALL be met as part of the definition of the extension. Applications processing a resource are required to check for modifier extensions.

Modifier extensions SHALL NOT change the meaning of any elements on Resource or DomainResource (including cannot change the meaning of modifierExtension itself).","There can be no stigma associated with the use of extensions by any application, project, or standard - regardless of the institution or jurisdiction that uses or defines the extensions.  The use of extensions is what allows the FHIR specification to retain a core level of simplicity for everyone.","Modifier extensions allow for extensions that *cannot* be safely ignored to be clearly distinguished from the vast majority of extensions which can be safely ignored.  This promotes interoperability by eliminating the need for implementers to prohibit the presence of extensions. For further information, see the [definition of modifier extensions](http://build.fhir.org/extensibility.html#modifierExtension).","","","","","","","",,,,,"",,,,"BackboneElement.modifierExtension",0,*,"","ele-1:All FHIR elements must have a @value or children {hasValue() or (children().count() > id.count())}
ext-1:Must have either extensions or value[x], not both {extension.exists() != value.exists()}","N/A"
"MedicinalProductDefinition.contact.type","","","",0,1,"","","Y","CodeableConcept {[]} {[]}
","Allows the contact to be classified, for example QPPV, Pharmacovigilance Enquiry Information","Allows the contact to be classified, for example QPPV, Pharmacovigilance Enquiry Information.","","","","","","","","","",,,,,"",,,,"MedicinalProductDefinition.contact.type",0,1,"","ele-1:All FHIR elements must have a @value or children {hasValue() or (children().count() > id.count())}
","n/a"
"MedicinalProductDefinition.contact.contact","","","",1,1,"","","Y","Reference {[]} {[CanonicalType[http://hl7.org/fhir/StructureDefinition/Organization], CanonicalType[http://hl7.org/fhir/StructureDefinition/PractitionerRole]]}
","A product specific contact, person (in a role), or an organization","A product specific contact, person (in a role), or an organization.","","","","","","","","","",,,,,"",,,,"MedicinalProductDefinition.contact.contact",1,1,"","ele-1:All FHIR elements must have a @value or children {hasValue() or (children().count() > id.count())}
","n/a"
"MedicinalProductDefinition.clinicalTrial","","","",0,*,"","","Y","Reference {[]} {[CanonicalType[http://hl7.org/fhir/StructureDefinition/ResearchStudy]]}
","Clinical trials or studies that this product is involved in","Clinical trials or studies that this product is involved in.","","","","","","","","","",,,,,"",,,,"MedicinalProductDefinition.clinicalTrial",0,*,"","ele-1:All FHIR elements must have a @value or children {hasValue() or (children().count() > id.count())}
","Investigational Medicinal Product.Clinical Trial Status"
"MedicinalProductDefinition.name","","","",1,*,"","","Y","BackboneElement {[]} {[]}
","The product's name, including full name and possibly coded parts","The product's name, including full name and possibly coded parts.","","","","","","","","","",,,,,"",,,,"MedicinalProductDefinition.name",1,*,"","ele-1:All FHIR elements must have a @value or children {hasValue() or (children().count() > id.count())}
","Medicinal Product Name"
"MedicinalProductDefinition.name.id","","","",0,1,"","","","id {[]} {[]}
","Unique id for inter-element referencing","Unique id for the element within a resource (for internal references). This may be any string value that does not contain spaces.","","","","","","","","","",,,,,"",,,,"Element.id",0,1,"","","n/a"
"MedicinalProductDefinition.name.extension","","extensions
user content","",0,*,"","","","Extension {[]} {[]}
","Additional content defined by implementations","May be used to represent additional information that is not part of the basic definition of the element. To make the use of extensions safe and manageable, there is a strict set of governance  applied to the definition and use of extensions. Though any implementer can define an extension, there is a set of requirements that SHALL be met as part of the definition of the extension.","There can be no stigma associated with the use of extensions by any application, project, or standard - regardless of the institution or jurisdiction that uses or defines the extensions.  The use of extensions is what allows the FHIR specification to retain a core level of simplicity for everyone.","","","","","","","","",,,,,"",,,,"Element.extension",0,*,"","ele-1:All FHIR elements must have a @value or children {hasValue() or (children().count() > id.count())}
ext-1:Must have either extensions or value[x], not both {extension.exists() != value.exists()}","n/a"
"MedicinalProductDefinition.name.modifierExtension","","extensions
user contentmodifiers","",0,*,"","Y","Y","Extension {[]} {[]}
","Extensions that cannot be ignored even if unrecognized","May be used to represent additional information that is not part of the basic definition of the element and that modifies the understanding of the element in which it is contained and/or the understanding of the containing element's descendants. Usually modifier elements provide negation or qualification. To make the use of extensions safe and manageable, there is a strict set of governance applied to the definition and use of extensions. Though any implementer can define an extension, there is a set of requirements that SHALL be met as part of the definition of the extension. Applications processing a resource are required to check for modifier extensions.

Modifier extensions SHALL NOT change the meaning of any elements on Resource or DomainResource (including cannot change the meaning of modifierExtension itself).","There can be no stigma associated with the use of extensions by any application, project, or standard - regardless of the institution or jurisdiction that uses or defines the extensions.  The use of extensions is what allows the FHIR specification to retain a core level of simplicity for everyone.","Modifier extensions allow for extensions that *cannot* be safely ignored to be clearly distinguished from the vast majority of extensions which can be safely ignored.  This promotes interoperability by eliminating the need for implementers to prohibit the presence of extensions. For further information, see the [definition of modifier extensions](http://build.fhir.org/extensibility.html#modifierExtension).","","","","","","","",,,,,"",,,,"BackboneElement.modifierExtension",0,*,"","ele-1:All FHIR elements must have a @value or children {hasValue() or (children().count() > id.count())}
ext-1:Must have either extensions or value[x], not both {extension.exists() != value.exists()}","N/A"
"MedicinalProductDefinition.name.productName","","","",1,1,"","","Y","string {[]} {[]}
","The full product name","The full product name.","","","","","","","","","",,,,,"",,,,"MedicinalProductDefinition.name.productName",1,1,"","ele-1:All FHIR elements must have a @value or children {hasValue() or (children().count() > id.count())}
","Medicinal Product Name.Full Name"
"MedicinalProductDefinition.name.type","","","",0,1,"","","Y","CodeableConcept {[]} {[]}
","Type of product name, such as rINN, BAN, Proprietary, Non-Proprietary","Type of product name, such as rINN, BAN, Proprietary, Non-Proprietary.","","","","","","","","","",,,,,"",,,,"MedicinalProductDefinition.name.type",0,1,"","ele-1:All FHIR elements must have a @value or children {hasValue() or (children().count() > id.count())}
","n/a"
"MedicinalProductDefinition.name.namePart","","","",0,*,"","","Y","BackboneElement {[]} {[]}
","Coding words or phrases of the name","Coding words or phrases of the name.","","","","","","","","","",,,,,"",,,,"MedicinalProductDefinition.name.namePart",0,*,"","ele-1:All FHIR elements must have a @value or children {hasValue() or (children().count() > id.count())}
","(any and all of the name parts e.g. Medicinal Product Name.Formulation Part)"
"MedicinalProductDefinition.name.namePart.id","","","",0,1,"","","","id {[]} {[]}
","Unique id for inter-element referencing","Unique id for the element within a resource (for internal references). This may be any string value that does not contain spaces.","","","","","","","","","",,,,,"",,,,"Element.id",0,1,"","","n/a"
"MedicinalProductDefinition.name.namePart.extension","","extensions
user content","",0,*,"","","","Extension {[]} {[]}
","Additional content defined by implementations","May be used to represent additional information that is not part of the basic definition of the element. To make the use of extensions safe and manageable, there is a strict set of governance  applied to the definition and use of extensions. Though any implementer can define an extension, there is a set of requirements that SHALL be met as part of the definition of the extension.","There can be no stigma associated with the use of extensions by any application, project, or standard - regardless of the institution or jurisdiction that uses or defines the extensions.  The use of extensions is what allows the FHIR specification to retain a core level of simplicity for everyone.","","","","","","","","",,,,,"",,,,"Element.extension",0,*,"","ele-1:All FHIR elements must have a @value or children {hasValue() or (children().count() > id.count())}
ext-1:Must have either extensions or value[x], not both {extension.exists() != value.exists()}","n/a"
"MedicinalProductDefinition.name.namePart.modifierExtension","","extensions
user contentmodifiers","",0,*,"","Y","Y","Extension {[]} {[]}
","Extensions that cannot be ignored even if unrecognized","May be used to represent additional information that is not part of the basic definition of the element and that modifies the understanding of the element in which it is contained and/or the understanding of the containing element's descendants. Usually modifier elements provide negation or qualification. To make the use of extensions safe and manageable, there is a strict set of governance applied to the definition and use of extensions. Though any implementer can define an extension, there is a set of requirements that SHALL be met as part of the definition of the extension. Applications processing a resource are required to check for modifier extensions.

Modifier extensions SHALL NOT change the meaning of any elements on Resource or DomainResource (including cannot change the meaning of modifierExtension itself).","There can be no stigma associated with the use of extensions by any application, project, or standard - regardless of the institution or jurisdiction that uses or defines the extensions.  The use of extensions is what allows the FHIR specification to retain a core level of simplicity for everyone.","Modifier extensions allow for extensions that *cannot* be safely ignored to be clearly distinguished from the vast majority of extensions which can be safely ignored.  This promotes interoperability by eliminating the need for implementers to prohibit the presence of extensions. For further information, see the [definition of modifier extensions](http://build.fhir.org/extensibility.html#modifierExtension).","","","","","","","",,,,,"",,,,"BackboneElement.modifierExtension",0,*,"","ele-1:All FHIR elements must have a @value or children {hasValue() or (children().count() > id.count())}
ext-1:Must have either extensions or value[x], not both {extension.exists() != value.exists()}","N/A"
"MedicinalProductDefinition.name.namePart.part","","","",1,1,"","","Y","string {[]} {[]}
","A fragment of a product name","A fragment of a product name.","","","","","","","","","",,,,,"",,,,"MedicinalProductDefinition.name.namePart.part",1,1,"","ele-1:All FHIR elements must have a @value or children {hasValue() or (children().count() > id.count())}
","(text of any of the name parts e.g. Medicinal Product Name.Formulation Part)"
"MedicinalProductDefinition.name.namePart.type","","","",1,1,"","","Y","CodeableConcept {[]} {[]}
","Identifying type for this part of the name (e.g. strength part)","Identifying type for this part of the name (e.g. strength part).","","","","","","","","","",,,,,"",,,,"MedicinalProductDefinition.name.namePart.type",1,1,"","ele-1:All FHIR elements must have a @value or children {hasValue() or (children().count() > id.count())}
","(which of the name parts this is e.g. Formulation Part)"
"MedicinalProductDefinition.name.countryLanguage","","","",0,*,"","","Y","BackboneElement {[]} {[]}
","Country where the name applies","Country where the name applies.","","","","","","","","","",,,,,"",,,,"MedicinalProductDefinition.name.countryLanguage",0,*,"","ele-1:All FHIR elements must have a @value or children {hasValue() or (children().count() > id.count())}
","Country / Language"
"MedicinalProductDefinition.name.countryLanguage.id","","","",0,1,"","","","id {[]} {[]}
","Unique id for inter-element referencing","Unique id for the element within a resource (for internal references). This may be any string value that does not contain spaces.","","","","","","","","","",,,,,"",,,,"Element.id",0,1,"","","n/a"
"MedicinalProductDefinition.name.countryLanguage.extension","","extensions
user content","",0,*,"","","","Extension {[]} {[]}
","Additional content defined by implementations","May be used to represent additional information that is not part of the basic definition of the element. To make the use of extensions safe and manageable, there is a strict set of governance  applied to the definition and use of extensions. Though any implementer can define an extension, there is a set of requirements that SHALL be met as part of the definition of the extension.","There can be no stigma associated with the use of extensions by any application, project, or standard - regardless of the institution or jurisdiction that uses or defines the extensions.  The use of extensions is what allows the FHIR specification to retain a core level of simplicity for everyone.","","","","","","","","",,,,,"",,,,"Element.extension",0,*,"","ele-1:All FHIR elements must have a @value or children {hasValue() or (children().count() > id.count())}
ext-1:Must have either extensions or value[x], not both {extension.exists() != value.exists()}","n/a"
"MedicinalProductDefinition.name.countryLanguage.modifierExtension","","extensions
user contentmodifiers","",0,*,"","Y","Y","Extension {[]} {[]}
","Extensions that cannot be ignored even if unrecognized","May be used to represent additional information that is not part of the basic definition of the element and that modifies the understanding of the element in which it is contained and/or the understanding of the containing element's descendants. Usually modifier elements provide negation or qualification. To make the use of extensions safe and manageable, there is a strict set of governance applied to the definition and use of extensions. Though any implementer can define an extension, there is a set of requirements that SHALL be met as part of the definition of the extension. Applications processing a resource are required to check for modifier extensions.

Modifier extensions SHALL NOT change the meaning of any elements on Resource or DomainResource (including cannot change the meaning of modifierExtension itself).","There can be no stigma associated with the use of extensions by any application, project, or standard - regardless of the institution or jurisdiction that uses or defines the extensions.  The use of extensions is what allows the FHIR specification to retain a core level of simplicity for everyone.","Modifier extensions allow for extensions that *cannot* be safely ignored to be clearly distinguished from the vast majority of extensions which can be safely ignored.  This promotes interoperability by eliminating the need for implementers to prohibit the presence of extensions. For further information, see the [definition of modifier extensions](http://build.fhir.org/extensibility.html#modifierExtension).","","","","","","","",,,,,"",,,,"BackboneElement.modifierExtension",0,*,"","ele-1:All FHIR elements must have a @value or children {hasValue() or (children().count() > id.count())}
ext-1:Must have either extensions or value[x], not both {extension.exists() != value.exists()}","N/A"
"MedicinalProductDefinition.name.countryLanguage.country","","","",1,1,"","","Y","CodeableConcept {[]} {[]}
","Country code for where this name applies","Country code for where this name applies.","","","","","","","","","",,,,,"",,,,"MedicinalProductDefinition.name.countryLanguage.country",1,1,"","ele-1:All FHIR elements must have a @value or children {hasValue() or (children().count() > id.count())}
","Country / Language.Country"
"MedicinalProductDefinition.name.countryLanguage.jurisdiction","","","",0,1,"","","Y","CodeableConcept {[]} {[]}
","Jurisdiction code for where this name applies","Jurisdiction code for where this name applies.","","","","","","","","","",,,,,"",,,,"MedicinalProductDefinition.name.countryLanguage.jurisdiction",0,1,"","ele-1:All FHIR elements must have a @value or children {hasValue() or (children().count() > id.count())}
","Country / Language.Jurisdiction"
"MedicinalProductDefinition.name.countryLanguage.language","","","",1,1,"","","Y","CodeableConcept {[]} {[]}
","Language code for this name","Language code for this name.","","","","","","","","","",,,,,"",,,,"MedicinalProductDefinition.name.countryLanguage.language",1,1,"","ele-1:All FHIR elements must have a @value or children {hasValue() or (children().count() > id.count())}
","Country / Language.Language"
"MedicinalProductDefinition.crossReference","","","",0,*,"","","Y","BackboneElement {[]} {[]}
","Reference to another product, e.g. for linking authorised to investigational product","Reference to another product, e.g. for linking authorised to investigational product.","","","","","","","","","",,,,,"",,,,"MedicinalProductDefinition.crossReference",0,*,"","ele-1:All FHIR elements must have a @value or children {hasValue() or (children().count() > id.count())}
","Product Cross-Reference"
"MedicinalProductDefinition.crossReference.id","","","",0,1,"","","","id {[]} {[]}
","Unique id for inter-element referencing","Unique id for the element within a resource (for internal references). This may be any string value that does not contain spaces.","","","","","","","","","",,,,,"",,,,"Element.id",0,1,"","","n/a"
"MedicinalProductDefinition.crossReference.extension","","extensions
user content","",0,*,"","","","Extension {[]} {[]}
","Additional content defined by implementations","May be used to represent additional information that is not part of the basic definition of the element. To make the use of extensions safe and manageable, there is a strict set of governance  applied to the definition and use of extensions. Though any implementer can define an extension, there is a set of requirements that SHALL be met as part of the definition of the extension.","There can be no stigma associated with the use of extensions by any application, project, or standard - regardless of the institution or jurisdiction that uses or defines the extensions.  The use of extensions is what allows the FHIR specification to retain a core level of simplicity for everyone.","","","","","","","","",,,,,"",,,,"Element.extension",0,*,"","ele-1:All FHIR elements must have a @value or children {hasValue() or (children().count() > id.count())}
ext-1:Must have either extensions or value[x], not both {extension.exists() != value.exists()}","n/a"
"MedicinalProductDefinition.crossReference.modifierExtension","","extensions
user contentmodifiers","",0,*,"","Y","Y","Extension {[]} {[]}
","Extensions that cannot be ignored even if unrecognized","May be used to represent additional information that is not part of the basic definition of the element and that modifies the understanding of the element in which it is contained and/or the understanding of the containing element's descendants. Usually modifier elements provide negation or qualification. To make the use of extensions safe and manageable, there is a strict set of governance applied to the definition and use of extensions. Though any implementer can define an extension, there is a set of requirements that SHALL be met as part of the definition of the extension. Applications processing a resource are required to check for modifier extensions.

Modifier extensions SHALL NOT change the meaning of any elements on Resource or DomainResource (including cannot change the meaning of modifierExtension itself).","There can be no stigma associated with the use of extensions by any application, project, or standard - regardless of the institution or jurisdiction that uses or defines the extensions.  The use of extensions is what allows the FHIR specification to retain a core level of simplicity for everyone.","Modifier extensions allow for extensions that *cannot* be safely ignored to be clearly distinguished from the vast majority of extensions which can be safely ignored.  This promotes interoperability by eliminating the need for implementers to prohibit the presence of extensions. For further information, see the [definition of modifier extensions](http://build.fhir.org/extensibility.html#modifierExtension).","","","","","","","",,,,,"",,,,"BackboneElement.modifierExtension",0,*,"","ele-1:All FHIR elements must have a @value or children {hasValue() or (children().count() > id.count())}
ext-1:Must have either extensions or value[x], not both {extension.exists() != value.exists()}","N/A"
"MedicinalProductDefinition.crossReference.product","","","",1,1,"","","Y","CodeableReference {[]} {[CanonicalType[http://hl7.org/fhir/StructureDefinition/MedicinalProductDefinition]]}
","Reference to another product, e.g. for linking authorised to investigational product","Reference to another product, e.g. for linking authorised to investigational product.","","","","","","","","","",,,,,"",,,,"MedicinalProductDefinition.crossReference.product",1,1,"","ele-1:All FHIR elements must have a @value or children {hasValue() or (children().count() > id.count())}
","Product Cross-Reference"
"MedicinalProductDefinition.crossReference.type","","","",0,1,"","","Y","CodeableConcept {[]} {[]}
","The type of relationship, for instance branded to generic, product to development product (investigational), parallel import version","The type of relationship, for instance branded to generic, product to development product (investigational), parallel import version.","","","","","","","","","",,,,,"",,,,"MedicinalProductDefinition.crossReference.type",0,1,"","ele-1:All FHIR elements must have a @value or children {hasValue() or (children().count() > id.count())}
","Product Cross-Reference"
"MedicinalProductDefinition.operation","","","",0,*,"","","Y","BackboneElement {[]} {[]}
","A manufacturing or administrative process or step associated with (or performed on) the medicinal product","A manufacturing or administrative process or step associated with (or performed on) the medicinal product.","","","","","","","","","",,,,,"",,,,"MedicinalProductDefinition.operation",0,*,"","ele-1:All FHIR elements must have a @value or children {hasValue() or (children().count() > id.count())}
","Manufacturing / Business Operation"
"MedicinalProductDefinition.operation.id","","","",0,1,"","","","id {[]} {[]}
","Unique id for inter-element referencing","Unique id for the element within a resource (for internal references). This may be any string value that does not contain spaces.","","","","","","","","","",,,,,"",,,,"Element.id",0,1,"","","n/a"
"MedicinalProductDefinition.operation.extension","","extensions
user content","",0,*,"","","","Extension {[]} {[]}
","Additional content defined by implementations","May be used to represent additional information that is not part of the basic definition of the element. To make the use of extensions safe and manageable, there is a strict set of governance  applied to the definition and use of extensions. Though any implementer can define an extension, there is a set of requirements that SHALL be met as part of the definition of the extension.","There can be no stigma associated with the use of extensions by any application, project, or standard - regardless of the institution or jurisdiction that uses or defines the extensions.  The use of extensions is what allows the FHIR specification to retain a core level of simplicity for everyone.","","","","","","","","",,,,,"",,,,"Element.extension",0,*,"","ele-1:All FHIR elements must have a @value or children {hasValue() or (children().count() > id.count())}
ext-1:Must have either extensions or value[x], not both {extension.exists() != value.exists()}","n/a"
"MedicinalProductDefinition.operation.modifierExtension","","extensions
user contentmodifiers","",0,*,"","Y","Y","Extension {[]} {[]}
","Extensions that cannot be ignored even if unrecognized","May be used to represent additional information that is not part of the basic definition of the element and that modifies the understanding of the element in which it is contained and/or the understanding of the containing element's descendants. Usually modifier elements provide negation or qualification. To make the use of extensions safe and manageable, there is a strict set of governance applied to the definition and use of extensions. Though any implementer can define an extension, there is a set of requirements that SHALL be met as part of the definition of the extension. Applications processing a resource are required to check for modifier extensions.

Modifier extensions SHALL NOT change the meaning of any elements on Resource or DomainResource (including cannot change the meaning of modifierExtension itself).","There can be no stigma associated with the use of extensions by any application, project, or standard - regardless of the institution or jurisdiction that uses or defines the extensions.  The use of extensions is what allows the FHIR specification to retain a core level of simplicity for everyone.","Modifier extensions allow for extensions that *cannot* be safely ignored to be clearly distinguished from the vast majority of extensions which can be safely ignored.  This promotes interoperability by eliminating the need for implementers to prohibit the presence of extensions. For further information, see the [definition of modifier extensions](http://build.fhir.org/extensibility.html#modifierExtension).","","","","","","","",,,,,"",,,,"BackboneElement.modifierExtension",0,*,"","ele-1:All FHIR elements must have a @value or children {hasValue() or (children().count() > id.count())}
ext-1:Must have either extensions or value[x], not both {extension.exists() != value.exists()}","N/A"
"MedicinalProductDefinition.operation.type","","","",0,1,"","","Y","CodeableReference {[]} {[CanonicalType[http://hl7.org/fhir/StructureDefinition/ActivityDefinition]]}
","The type of manufacturing operation e.g. manufacturing itself, re-packaging. This may be a subtype of some other wider scope of authorized operation, referenced by the authorization attribute","The type of manufacturing operation e.g. manufacturing itself, re-packaging. This may be a subtype of some other wider scope of authorized operation, referenced by the authorization attribute.","","","","","","","","","",,,,,"",,,,"MedicinalProductDefinition.operation.type",0,1,"","ele-1:All FHIR elements must have a @value or children {hasValue() or (children().count() > id.count())}
","Manufacturing / Business Operation.Operation Type"
"MedicinalProductDefinition.operation.effectiveDate","","","",0,1,"","","Y","Period {[]} {[]}
","Date range of applicability","Date range of applicability.","","","","","","","","","",,,,,"",,,,"MedicinalProductDefinition.operation.effectiveDate",0,1,"","ele-1:All FHIR elements must have a @value or children {hasValue() or (children().count() > id.count())}
","Manufacturing / Business Operation.Effective Date"
"MedicinalProductDefinition.operation.organization","","","",0,*,"","","Y","Reference {[]} {[CanonicalType[http://hl7.org/fhir/StructureDefinition/Organization]]}
","The organization or establishment responsible for (or associated with) the particular process or step, examples include the manufacturer, importer, agent","The organization or establishment responsible for (or associated with) the particular process or step, examples include the manufacturer, importer, agent.","","","","","","","","","",,,,,"",,,,"MedicinalProductDefinition.operation.organization",0,*,"","ele-1:All FHIR elements must have a @value or children {hasValue() or (children().count() > id.count())}
","Manufacturer / Establishment (Organisation)"
"MedicinalProductDefinition.operation.authorization","","","",0,1,"","","Y","Reference {[]} {[CanonicalType[http://hl7.org/fhir/StructureDefinition/RegulatedAuthorization]]}
","An authorization for this process, either as a logical reference, holding just an identifier, or a full reference to a resource that captures the details. The authorization may possibly apply to several products or a wider scope of process of which this is a part","An authorization for this process, either as a logical reference, holding just an identifier, or a full reference to a resource that captures the details. The authorization may possibly apply to several products or a wider scope of process of which this is a part.","","","","","","","","","",,,,,"",,,,"MedicinalProductDefinition.operation.authorization",0,1,"","ele-1:All FHIR elements must have a @value or children {hasValue() or (children().count() > id.count())}
","An authorization for this process, possibly applying to several products or a wider scope of process of which this is a part"
"MedicinalProductDefinition.operation.confidentialityIndicator","","","",0,1,"","","Y","CodeableConcept {[]} {[]}
","Specifies whether this particular business or manufacturing process is considered proprietary or confidential","Specifies whether this particular business or manufacturing process is considered proprietary or confidential.","","","","","","","","","",,,,,"",,,,"MedicinalProductDefinition.operation.confidentialityIndicator",0,1,"","ele-1:All FHIR elements must have a @value or children {hasValue() or (children().count() > id.count())}
","Manufacturing / Business Operation.Confidentiality Indicator"
"MedicinalProductDefinition.package","","","",0,*,"","","","BackboneElement {[]} {[]}
","Package representation for the product","Package representation for the product. See also PackagedProductDefinition resource.","","","","","","","","","",,,,,"",,,,"MedicinalProductDefinition.package",0,*,"","ele-1:All FHIR elements must have a @value or children {hasValue() or (children().count() > id.count())}
"
"MedicinalProductDefinition.package.id","","","",0,1,"","","","id {[]} {[]}
","Unique id for inter-element referencing","Unique id for the element within a resource (for internal references). This may be any string value that does not contain spaces.","","","","","","","","","",,,,,"",,,,"Element.id",0,1,"","","n/a"
"MedicinalProductDefinition.package.extension","","extensions
user content","",0,*,"","","","Extension {[]} {[]}
","Additional content defined by implementations","May be used to represent additional information that is not part of the basic definition of the element. To make the use of extensions safe and manageable, there is a strict set of governance  applied to the definition and use of extensions. Though any implementer can define an extension, there is a set of requirements that SHALL be met as part of the definition of the extension.","There can be no stigma associated with the use of extensions by any application, project, or standard - regardless of the institution or jurisdiction that uses or defines the extensions.  The use of extensions is what allows the FHIR specification to retain a core level of simplicity for everyone.","","","","","","","","",,,,,"",,,,"Element.extension",0,*,"","ele-1:All FHIR elements must have a @value or children {hasValue() or (children().count() > id.count())}
ext-1:Must have either extensions or value[x], not both {extension.exists() != value.exists()}","n/a"
"MedicinalProductDefinition.package.modifierExtension","","extensions
user contentmodifiers","",0,*,"","Y","Y","Extension {[]} {[]}
","Extensions that cannot be ignored even if unrecognized","May be used to represent additional information that is not part of the basic definition of the element and that modifies the understanding of the element in which it is contained and/or the understanding of the containing element's descendants. Usually modifier elements provide negation or qualification. To make the use of extensions safe and manageable, there is a strict set of governance applied to the definition and use of extensions. Though any implementer can define an extension, there is a set of requirements that SHALL be met as part of the definition of the extension. Applications processing a resource are required to check for modifier extensions.

Modifier extensions SHALL NOT change the meaning of any elements on Resource or DomainResource (including cannot change the meaning of modifierExtension itself).","There can be no stigma associated with the use of extensions by any application, project, or standard - regardless of the institution or jurisdiction that uses or defines the extensions.  The use of extensions is what allows the FHIR specification to retain a core level of simplicity for everyone.","Modifier extensions allow for extensions that *cannot* be safely ignored to be clearly distinguished from the vast majority of extensions which can be safely ignored.  This promotes interoperability by eliminating the need for implementers to prohibit the presence of extensions. For further information, see the [definition of modifier extensions](http://build.fhir.org/extensibility.html#modifierExtension).","","","","","","","",,,,,"",,,,"BackboneElement.modifierExtension",0,*,"","ele-1:All FHIR elements must have a @value or children {hasValue() or (children().count() > id.count())}
ext-1:Must have either extensions or value[x], not both {extension.exists() != value.exists()}","N/A"
"MedicinalProductDefinition.package.type","","","",0,1,"","","","CodeableConcept {[]} {[]}
","A descriptive type for this package, such as box, carton or bottle","A descriptive type for this package, such as box, carton or bottle.","","","","","","","","","",,,,,"",,,,"MedicinalProductDefinition.package.type",0,1,"","ele-1:All FHIR elements must have a @value or children {hasValue() or (children().count() > id.count())}
","TODO"
"MedicinalProductDefinition.package.size","","","",0,1,"","","","Quantity {[]} {[]}
","The amount of items, or of substance, in the package","The amount of items, or of substance, in the package.","","","","","","","","","",,,,,"",,,,"MedicinalProductDefinition.package.size",0,1,"","ele-1:All FHIR elements must have a @value or children {hasValue() or (children().count() > id.count())}
","n/a"
