"Path","Slice Name","Alias(s)","Label","Min","Max","Must Support?","Is Modifier?","Is Summary?","Type(s)","Short","Definition","Comments","Requirements","Default Value","Meaning When Missing","Fixed Value","Pattern","Example","Minimum Value","Maximum Value","Maximum Length","Binding Strength","Binding Description","Binding Value Set","Code","Slicing Discriminator","Slicing Description","Slicing Ordered","Slicing Rules","Base Path","Base Min","Base Max","Condition(s)","Constraint(s)","Mapping: IDMP Mapping","Mapping: FiveWs Pattern Mapping","Mapping: RIM Mapping"
"MedicinalProductDefinition","","","",0,*,"","","","","Detailed definition of a medicinal product","A medicinal product, being a substance or combination of substances that is intended to treat, prevent or diagnose a disease, or to restore, correct or modify physiological functions by exerting a pharmacological, immunological or metabolic action. This resource is intended to define and detail such products and their properties, for uses other than direct patient care (e.g. regulatory use, or drug catalogs).","","","","","","","","","",,,,,"",,,,"MedicinalProductDefinition",0,*,"","dom-2:If the resource is contained in another resource, it SHALL NOT contain nested Resources {contained.contained.empty()}
dom-3:If the resource is contained in another resource, it SHALL be referred to from elsewhere in the resource or SHALL refer to the containing resource {contained.where((('#'+id in (%resource.descendants().reference | %resource.descendants().as(canonical) | %resource.descendants().as(uri) | %resource.descendants().as(url))) or descendants().where(reference = '#').exists() or descendants().where(as(canonical) = '#').exists() or descendants().where(as(canonical) = '#').exists()).not()).trace('unmatched', id).empty()}dom-4:If a resource is contained in another resource, it SHALL NOT have a meta.versionId or a meta.lastUpdated {contained.meta.versionId.empty() and contained.meta.lastUpdated.empty()}dom-5:If a resource is contained in another resource, it SHALL NOT have a security label {contained.meta.security.empty()}dom-6:A resource should have narrative for robust management {text.`div`.exists()}","Medicinal Product and Investigational Medicinal Product","administrative.medication","Entity. Role, or Act"
"MedicinalProductDefinition.id","","","",0,1,"","","Y","id {[]} {[]}
","Logical id of this artifact","The logical id of the resource, as used in the URL for the resource. Once assigned, this value never changes.","Typically, the resource has an id except for cases like the create operation, conditional updates.","","","","","","","","",,,,,"",,,,"Resource.id",0,1,"",""
"MedicinalProductDefinition.meta","","","",0,1,"","","Y","Meta {[]} {[]}
","Metadata about the resource","The metadata about the resource. This is content that is maintained by the infrastructure. Changes to the content might not always be associated with version changes to the resource.","","","","","","","","","",,,,,"",,,,"Resource.meta",0,1,"","ele-1:All FHIR elements must have a @value or children {hasValue() or (children().count() > id.count())}
"
"MedicinalProductDefinition.implicitRules","","","",0,1,"","Y","Y","uri {[]} {[]}
","A set of rules under which this content was created","A reference to a set of rules that were followed when the resource was constructed, and which must be understood when processing the content. Often, this is a reference to an implementation guide that defines the special rules along with other profiles etc.","Asserting this rule set restricts the content to be only understood by a limited set of trading partners. This inherently limits the usefulness of the data in the long term. However, the existing health eco-system is highly fractured, and not yet ready to define, collect, and exchange data in a generally computable sense. Wherever possible, implementers and/or specification writers should avoid using this element. Often, when used, the URL is a reference to an implementation guide that defines these special rules as part of it's narrative along with other profiles, value sets, etc.","","","","","","","","",,,,,"",,,,"Resource.implicitRules",0,1,"","ele-1:All FHIR elements must have a @value or children {hasValue() or (children().count() > id.count())}
"
"MedicinalProductDefinition.language","","","",0,1,"","","","code {[]} {[]}
","Language of the resource content","The base language in which the resource is written.","Language is provided to support indexing and accessibility (typically, services such as text to speech use the language tag). The html language tag in the narrative applies  to the narrative. The language tag on the resource may be used to specify the language of other presentations generated from the data in the resource. Not all the content has to be in the base language. The Resource.language should not be assumed to apply to the narrative automatically. If a language is specified, it should it also be specified on the div element in the html (see rules in HTML5 for information about the relationship between xml:lang and the html lang attribute).","","","","","","","","",,"preferred","IETF language tag","http://hl7.org/fhir/ValueSet/languages","",,,,"Resource.language",0,1,"","ele-1:All FHIR elements must have a @value or children {hasValue() or (children().count() > id.count())}
"
"MedicinalProductDefinition.text","","narrative
htmlxhtmldisplay","",0,1,"","","","Narrative {[]} {[]}
","Text summary of the resource, for human interpretation","A human-readable narrative that contains a summary of the resource and can be used to represent the content of the resource to a human. The narrative need not encode all the structured data, but is required to contain sufficient detail to make it ""clinically safe"" for a human to just read the narrative. Resource definitions may define what content should be represented in the narrative to ensure clinical safety.","Contained resources do not have a narrative. Resources that are not contained SHOULD have a narrative. In some cases, a resource may only have text with little or no additional discrete data (as long as all minOccurs=1 elements are satisfied).  This may be necessary for data from legacy systems where information is captured as a ""text blob"" or where text is additionally entered raw or narrated and encoded information is added later.","","","","","","","","",,,,,"",,,,"DomainResource.text",0,1,"","ele-1:All FHIR elements must have a @value or children {hasValue() or (children().count() > id.count())}
","Act.text?"
"MedicinalProductDefinition.contained","","inline resources
anonymous resourcescontained resources","",0,*,"","","","Resource {[]} {[]}
","Contained, inline Resources","These resources do not have an independent existence apart from the resource that contains them - they cannot be identified independently, nor can they have their own independent transaction scope.","This should never be done when the content can be identified properly, as once identification is lost, it is extremely difficult (and context dependent) to restore it again. Contained resources may have profiles and tags In their meta elements, but SHALL NOT have security labels.","","","","","","","","",,,,,"",,,,"DomainResource.contained",0,*,"","","N/A"
"MedicinalProductDefinition.extension","","","",1,*,"","","","Extension {[]} {[]}
","Extension","An Extension","","","","","","","","","",,,,,"","value:url}
","",,"open","DomainResource.extension",0,*,"","ele-1:All FHIR elements must have a @value or children {hasValue() or (children().count() > id.count())}
ext-1:Must have either extensions or value[x], not both {extension.exists() != value.exists()}"
"MedicinalProductDefinition.extension","batch-size","","",1,1,"Y","","","Extension {[CanonicalType[http://hl7.org/fhir/us/pq-cmc/StructureDefinition/pq-quantity-batch-size]]} {[]}
","Batch Quantity","The quantity made by the batch formula.","","","","","","","","","",,,,,"",,,,"DomainResource.extension",0,*,"","ele-1:All FHIR elements must have a @value or children {hasValue() or (children().count() > id.count())}
ext-1:Must have either extensions or value[x], not both {extension.exists() != value.exists()}"
"MedicinalProductDefinition.modifierExtension","","extensions
user content","",0,*,"","Y","","Extension {[]} {[]}
","Extensions that cannot be ignored","May be used to represent additional information that is not part of the basic definition of the resource and that modifies the understanding of the element that contains it and/or the understanding of the containing element's descendants. Usually modifier elements provide negation or qualification. To make the use of extensions safe and manageable, there is a strict set of governance applied to the definition and use of extensions. Though any implementer is allowed to define an extension, there is a set of requirements that SHALL be met as part of the definition of the extension. Applications processing a resource are required to check for modifier extensions.

Modifier extensions SHALL NOT change the meaning of any elements on Resource or DomainResource (including cannot change the meaning of modifierExtension itself).","There can be no stigma associated with the use of extensions by any application, project, or standard - regardless of the institution or jurisdiction that uses or defines the extensions.  The use of extensions is what allows the FHIR specification to retain a core level of simplicity for everyone.","Modifier extensions allow for extensions that *cannot* be safely ignored to be clearly distinguished from the vast majority of extensions which can be safely ignored.  This promotes interoperability by eliminating the need for implementers to prohibit the presence of extensions. For further information, see the [definition of modifier extensions](http://build.fhir.org/extensibility.html#modifierExtension).","","","","","","","",,,,,"",,,,"DomainResource.modifierExtension",0,*,"","ele-1:All FHIR elements must have a @value or children {hasValue() or (children().count() > id.count())}
ext-1:Must have either extensions or value[x], not both {extension.exists() != value.exists()}","N/A"
"MedicinalProductDefinition.identifier","","MPID
","",1,1,"Y","","Y","Identifier {[]} {[]}
","Business identifier for this product. Could be an MPID","Business identifier for this product. Could be an MPID. When in development or being regulated, products are typically referenced by official identifiers, assigned by a manufacturer or regulator, and unique to a product (which, when compared to a product instance being prescribed, is actually a product type). See also MedicinalProductDefinition.code.","","","","","","","","","",,,,,"",,,,"MedicinalProductDefinition.identifier",0,*,"","ele-1:All FHIR elements must have a @value or children {hasValue() or (children().count() > id.count())}
","Medicinal Product.MPID, Investigational Medicinal Product.IMPID"
"MedicinalProductDefinition.type","","","",0,1,"","","Y","CodeableConcept {[]} {[]}
","Regulatory type, e.g. Investigational or Authorized","Regulatory type, e.g. Investigational or Authorized.","","","","","","","","","",,"example","Overall defining type of this medicinal product.","http://hl7.org/fhir/ValueSet/medicinal-product-type","",,,,"MedicinalProductDefinition.type",0,1,"","ele-1:All FHIR elements must have a @value or children {hasValue() or (children().count() > id.count())}
","(indicates if this is Medicinal Product or an Investigational Medicinal Product)"
"MedicinalProductDefinition.domain","","","",0,1,"","","Y","CodeableConcept {[]} {[]}
","If this medicine applies to human or veterinary uses","If this medicine applies to human or veterinary uses.","","","","","","","","","",,"example","Applicable domain for this product (e.g. human, veterinary).","http://hl7.org/fhir/ValueSet/medicinal-product-domain","",,,,"MedicinalProductDefinition.domain",0,1,"","ele-1:All FHIR elements must have a @value or children {hasValue() or (children().count() > id.count())}
","n/a"
"MedicinalProductDefinition.version","","","",0,1,"","","Y","string {[]} {[]}
","A business identifier relating to a specific version of the product","A business identifier relating to a specific version of the product, this is commonly used to support revisions to an existing product.","","","","","","","","","",,,,,"",,,,"MedicinalProductDefinition.version",0,1,"","ele-1:All FHIR elements must have a @value or children {hasValue() or (children().count() > id.count())}
","Medicinal Product.Header.Version Number"
"MedicinalProductDefinition.status","","","",0,1,"","Y","Y","CodeableConcept {[]} {[]}
","The status within the lifecycle of this product record","The status within the lifecycle of this product record. A high-level status, this is not intended to duplicate details carried elsewhere such as legal status, or authorization status.","","","","","","","","","",,"preferred","The lifecycle status of an artifact.","http://hl7.org/fhir/ValueSet/publication-status","",,,,"MedicinalProductDefinition.status",0,1,"","ele-1:All FHIR elements must have a @value or children {hasValue() or (children().count() > id.count())}
","n/a"
"MedicinalProductDefinition.statusDate","","","",0,1,"","","Y","dateTime {[]} {[]}
","The date at which the given status became applicable","The date at which the given status became applicable.","","","","","","","","","",,,,,"",,,,"MedicinalProductDefinition.statusDate",0,1,"","ele-1:All FHIR elements must have a @value or children {hasValue() or (children().count() > id.count())}
","n/a"
"MedicinalProductDefinition.description","","","",0,1,"","","Y","markdown {[]} {[]}
","Batch Formula Additional Information","General description of this product.","","","","","","","","","",,,,,"",,,,"MedicinalProductDefinition.description",0,1,"","ele-1:All FHIR elements must have a @value or children {hasValue() or (children().count() > id.count())}
","n/a"
"MedicinalProductDefinition.combinedPharmaceuticalDoseForm","","","",0,1,"","","Y","CodeableConcept {[]} {[]}
","The dose form for a single part product, or combined form of a multiple part product","The dose form for a single part product, or combined form of a multiple part product. This is one concept that describes all the components. It does not represent the form with components physically mixed, if that might be necessary, for which see (AdministrableProductDefinition.administrableDoseForm).","","","","","","","","","",,"example","Dose forms for a product as a whole, considering all individual parts, but before any mixing","http://hl7.org/fhir/ValueSet/combined-dose-form","",,,,"MedicinalProductDefinition.combinedPharmaceuticalDoseForm",0,1,"","ele-1:All FHIR elements must have a @value or children {hasValue() or (children().count() > id.count())}
","Medicinal Product.Combined Pharmaceutical Dose Form"
"MedicinalProductDefinition.route","","","",0,*,"","","Y","CodeableConcept {[]} {[]}
","The path by which the product is taken into or makes contact with the body","The path by which the product is taken into or makes contact with the body. In some regions this is referred to as the licenced or approved route. See also AdministrableProductDefinition resource. MedicinalProductDefinition.route is the same concept as AdministrableProductDefinition.routeOfAdministration.code, and they cannot be used together.","","","","","","","","","",,"example","A code specifying the route or physiological path of administration of a therapeutic agent into or onto a patient's body.","http://hl7.org/fhir/ValueSet/route-codes","",,,,"MedicinalProductDefinition.route",0,*,"","ele-1:All FHIR elements must have a @value or children {hasValue() or (children().count() > id.count())}
","Pharmaceutical Product.Route of Administration"
"MedicinalProductDefinition.indication","","","",0,1,"","","Y","markdown {[]} {[]}
","Description of indication(s) for this product, used when structured indications are not required","Description of indication(s) for this product, used when structured indications are not required. In cases where structured indications are required, they are captured using the ClinicalUseDefinition resource. An indication is a medical situation for which using the product is appropriate.","","","","","","","","","",,,,,"",,,,"MedicinalProductDefinition.indication",0,1,"","ele-1:All FHIR elements must have a @value or children {hasValue() or (children().count() > id.count())}
","(roll up of all text in Therapeutic Indication.Indication Text, for common case where information is not granular)"
"MedicinalProductDefinition.legalStatusOfSupply","","","",0,1,"","","Y","CodeableConcept {[]} {[]}
","The legal status of supply of the medicinal product as classified by the regulator","The legal status of supply of the medicinal product as classified by the regulator.","","","","","","","","","",,"example","The prescription supply types appropriate to a medicinal product","http://hl7.org/fhir/ValueSet/legal-status-of-supply","",,,,"MedicinalProductDefinition.legalStatusOfSupply",0,1,"","ele-1:All FHIR elements must have a @value or children {hasValue() or (children().count() > id.count())}
","Marketing Authorisation.Legal Status of Supply (moved here for practicality)"
"MedicinalProductDefinition.additionalMonitoringIndicator","","","",0,1,"","","Y","CodeableConcept {[]} {[]}
","Whether the Medicinal Product is subject to additional monitoring for regulatory reasons","Whether the Medicinal Product is subject to additional monitoring for regulatory reasons, such as heightened reporting requirements.","","","","","","","","","",,"example","Extra measures defined for a Medicinal Product, such as heightened reporting requirements (e.g. Black Triangle Monitoring).","http://hl7.org/fhir/ValueSet/medicinal-product-additional-monitoring","",,,,"MedicinalProductDefinition.additionalMonitoringIndicator",0,1,"","ele-1:All FHIR elements must have a @value or children {hasValue() or (children().count() > id.count())}
","Medicinal Product.Additional Monitoring Indicator"
"MedicinalProductDefinition.specialMeasures","","","",0,*,"","","Y","CodeableConcept {[]} {[]}
","Whether the Medicinal Product is subject to special measures for regulatory reasons","Whether the Medicinal Product is subject to special measures for regulatory reasons, such as a requirement to conduct post-authorisation studies.","","","","","","","","","",,"example","Extra measures defined for a Medicinal Product, such as a requirement to conduct post-authorisation studies.","http://hl7.org/fhir/ValueSet/medicinal-product-special-measures","",,,,"MedicinalProductDefinition.specialMeasures",0,*,"","ele-1:All FHIR elements must have a @value or children {hasValue() or (children().count() > id.count())}
","Medicinal Product.Special Measures"
"MedicinalProductDefinition.pediatricUseIndicator","","","",0,1,"","","Y","CodeableConcept {[]} {[]}
","If authorised for use in children","If authorised for use in children, or infants, neonates etc.","","","","","","","","","",,"example","Suitability for age groups, in particular children.","http://hl7.org/fhir/ValueSet/medicinal-product-pediatric-use","",,,,"MedicinalProductDefinition.pediatricUseIndicator",0,1,"","ele-1:All FHIR elements must have a @value or children {hasValue() or (children().count() > id.count())}
","Medicinal Product.Pediatric Use Indicator"
"MedicinalProductDefinition.classification","","","",0,*,"","","Y","CodeableConcept {[]} {[]}
","Allows the product to be classified by various systems","Allows the product to be classified by various systems, commonly WHO ATC.","","","","","","","","","",,"example","This value set includes codes from the Anatomical Therapeutic Chemical Classification System - provided as an exemplar value set.","http://hl7.org/fhir/ValueSet/product-classification-codes","",,,,"MedicinalProductDefinition.classification",0,*,"","ele-1:All FHIR elements must have a @value or children {hasValue() or (children().count() > id.count())}
","Product Classification.Value"
"MedicinalProductDefinition.marketingStatus","","","",0,*,"","","Y","MarketingStatus {[]} {[]}
","Marketing status of the medicinal product, in contrast to marketing authorization","Marketing status of the medicinal product, in contrast to marketing authorization. This refers to the product being actually 'on the market' as opposed to being allowed to be on the market (which is an authorization).","","","","","","","","","",,,,,"",,,,"MedicinalProductDefinition.marketingStatus",0,*,"","ele-1:All FHIR elements must have a @value or children {hasValue() or (children().count() > id.count())}
","Marketing Status"
"MedicinalProductDefinition.packagedMedicinalProduct","","","",0,*,"","","Y","CodeableConcept {[]} {[]}
","Package type for the product","Package type for the product. See also the PackagedProductDefinition resource.","","","","","","","","","",,"example","Types of medicinal product packs","http://hl7.org/fhir/ValueSet/medicinal-product-package-type","",,,,"MedicinalProductDefinition.packagedMedicinalProduct",0,*,"","ele-1:All FHIR elements must have a @value or children {hasValue() or (children().count() > id.count())}
","Packaged Medicinal Product"
"MedicinalProductDefinition.ingredient","","","",0,*,"","","Y","CodeableConcept {[]} {[]}
","The ingredients of this medicinal product - when not detailed in other resources","The ingredients of this medicinal product - when not detailed in other resources. This is only needed if the ingredients are not specified by incoming references from the Ingredient resource, or indirectly via incoming AdministrableProductDefinition, PackagedProductDefinition or ManufacturedItemDefinition references. In cases where those levels of detail are not used, the ingredients may be specified directly here as codes.","","","","","","","","","",,"example","This value set includes all substance codes from SNOMED CT - provided as an exemplar value set.","http://hl7.org/fhir/ValueSet/substance-codes","",,,,"MedicinalProductDefinition.ingredient",0,*,"","ele-1:All FHIR elements must have a @value or children {hasValue() or (children().count() > id.count())}
","Medicinal Product.Ingredient (see also FHIR Ingredient resource)"
"MedicinalProductDefinition.impurity","","","",0,*,"","","Y","CodeableReference {[]} {[CanonicalType[http://hl7.org/fhir/StructureDefinition/SubstanceDefinition]]}
","Any component of the drug product which is not the chemical entity defined as the drug substance, or an excipient in the drug product","Any component of the drug product which is not the chemical entity defined as the drug substance, or an excipient in the drug product. This includes process-related impurities and contaminants, product-related impurities including degradation products.","","","","","","","","","",,"example","This value set includes all substance codes from SNOMED CT - provided as an exemplar value set.","http://hl7.org/fhir/ValueSet/substance-codes","",,,,"MedicinalProductDefinition.impurity",0,*,"","ele-1:All FHIR elements must have a @value or children {hasValue() or (children().count() > id.count())}
","n/a"
"MedicinalProductDefinition.attachedDocument","","","",0,*,"","","Y","Reference {[]} {[CanonicalType[http://hl7.org/fhir/StructureDefinition/DocumentReference]]}
","Additional documentation about the medicinal product","Additional information or supporting documentation about the medicinal product.","","","","","","","","","",,,,,"",,,,"MedicinalProductDefinition.attachedDocument",0,*,"","ele-1:All FHIR elements must have a @value or children {hasValue() or (children().count() > id.count())}
","Attached Document"
"MedicinalProductDefinition.masterFile","","","",0,*,"","","Y","Reference {[]} {[CanonicalType[http://hl7.org/fhir/StructureDefinition/DocumentReference]]}
","A master file for the medicinal product (e.g. Pharmacovigilance System Master File)","A master file for the medicinal product (e.g. Pharmacovigilance System Master File). Drug master files (DMFs) are documents submitted to regulatory agencies to provide confidential detailed information about facilities, processes or articles used in the manufacturing, processing, packaging and storing of drug products.","","","","","","","","","",,,,,"",,,,"MedicinalProductDefinition.masterFile",0,*,"","ele-1:All FHIR elements must have a @value or children {hasValue() or (children().count() > id.count())}
","Master File"
"MedicinalProductDefinition.contact","","","",0,*,"","","Y","BackboneElement {[]} {[]}
","A product specific contact, person (in a role), or an organization","A product specific contact, person (in a role), or an organization.","","","","","","","","","",,,,,"",,,,"MedicinalProductDefinition.contact",0,*,"","ele-1:All FHIR elements must have a @value or children {hasValue() or (children().count() > id.count())}
","n/a"
"MedicinalProductDefinition.contact.id","","","",0,1,"","","","id {[]} {[]}
","Unique id for inter-element referencing","Unique id for the element within a resource (for internal references). This may be any string value that does not contain spaces.","","","","","","","","","",,,,,"",,,,"Element.id",0,1,"","","n/a"
"MedicinalProductDefinition.contact.extension","","extensions
user content","",0,*,"","","","Extension {[]} {[]}
","Additional content defined by implementations","May be used to represent additional information that is not part of the basic definition of the element. To make the use of extensions safe and manageable, there is a strict set of governance  applied to the definition and use of extensions. Though any implementer can define an extension, there is a set of requirements that SHALL be met as part of the definition of the extension.","There can be no stigma associated with the use of extensions by any application, project, or standard - regardless of the institution or jurisdiction that uses or defines the extensions.  The use of extensions is what allows the FHIR specification to retain a core level of simplicity for everyone.","","","","","","","","",,,,,"",,,,"Element.extension",0,*,"","ele-1:All FHIR elements must have a @value or children {hasValue() or (children().count() > id.count())}
ext-1:Must have either extensions or value[x], not both {extension.exists() != value.exists()}","n/a"
"MedicinalProductDefinition.contact.modifierExtension","","extensions
user contentmodifiers","",0,*,"","Y","Y","Extension {[]} {[]}
","Extensions that cannot be ignored even if unrecognized","May be used to represent additional information that is not part of the basic definition of the element and that modifies the understanding of the element in which it is contained and/or the understanding of the containing element's descendants. Usually modifier elements provide negation or qualification. To make the use of extensions safe and manageable, there is a strict set of governance applied to the definition and use of extensions. Though any implementer can define an extension, there is a set of requirements that SHALL be met as part of the definition of the extension. Applications processing a resource are required to check for modifier extensions.

Modifier extensions SHALL NOT change the meaning of any elements on Resource or DomainResource (including cannot change the meaning of modifierExtension itself).","There can be no stigma associated with the use of extensions by any application, project, or standard - regardless of the institution or jurisdiction that uses or defines the extensions.  The use of extensions is what allows the FHIR specification to retain a core level of simplicity for everyone.","Modifier extensions allow for extensions that *cannot* be safely ignored to be clearly distinguished from the vast majority of extensions which can be safely ignored.  This promotes interoperability by eliminating the need for implementers to prohibit the presence of extensions. For further information, see the [definition of modifier extensions](http://build.fhir.org/extensibility.html#modifierExtension).","","","","","","","",,,,,"",,,,"BackboneElement.modifierExtension",0,*,"","ele-1:All FHIR elements must have a @value or children {hasValue() or (children().count() > id.count())}
ext-1:Must have either extensions or value[x], not both {extension.exists() != value.exists()}","N/A"
"MedicinalProductDefinition.contact.type","","","",0,1,"","","Y","CodeableConcept {[]} {[]}
","Allows the contact to be classified, for example QPPV, Pharmacovigilance Enquiry Information","Allows the contact to be classified, for example QPPV, Pharmacovigilance Enquiry Information.","","","","","","","","","",,"example","Extra measures defined for a Medicinal Product, such as heightened reporting requirements.","http://hl7.org/fhir/ValueSet/medicinal-product-contact-type","",,,,"MedicinalProductDefinition.contact.type",0,1,"","ele-1:All FHIR elements must have a @value or children {hasValue() or (children().count() > id.count())}
","n/a"
"MedicinalProductDefinition.contact.contact","","","",1,1,"","","Y","Reference {[]} {[CanonicalType[http://hl7.org/fhir/StructureDefinition/Organization], CanonicalType[http://hl7.org/fhir/StructureDefinition/PractitionerRole]]}
","A product specific contact, person (in a role), or an organization","A product specific contact, person (in a role), or an organization.","","","","","","","","","",,,,,"",,,,"MedicinalProductDefinition.contact.contact",1,1,"","ele-1:All FHIR elements must have a @value or children {hasValue() or (children().count() > id.count())}
","n/a"
"MedicinalProductDefinition.clinicalTrial","","","",0,*,"","","Y","Reference {[]} {[CanonicalType[http://hl7.org/fhir/StructureDefinition/ResearchStudy]]}
","Clinical trials or studies that this product is involved in","Clinical trials or studies that this product is involved in.","","","","","","","","","",,,,,"",,,,"MedicinalProductDefinition.clinicalTrial",0,*,"","ele-1:All FHIR elements must have a @value or children {hasValue() or (children().count() > id.count())}
","Investigational Medicinal Product.Clinical Trial Status"
"MedicinalProductDefinition.code","","","",0,*,"","","Y","Coding {[]} {[]}
","A code that this product is known by, within some formal terminology","A code that this product is known by, usually within some formal terminology, perhaps assigned by a third party (i.e. not the manufacturer or regulator). Products (types of medications) tend to be known by identifiers during development and within regulatory process. However when they are prescribed they tend to be identified by codes. The same product may be have multiple codes, applied to it by multiple organizations.","","","","","","","","","",,"example","A coded concept that defines the type of a medication.","http://hl7.org/fhir/ValueSet/medication-codes","",,,,"MedicinalProductDefinition.code",0,*,"","ele-1:All FHIR elements must have a @value or children {hasValue() or (children().count() > id.count())}
","n/a"
"MedicinalProductDefinition.name","","","",1,*,"","","Y","BackboneElement {[]} {[]}
","The product's name, including full name and possibly coded parts","The product's name, including full name and possibly coded parts.","","","","","","","","","",,,,,"",,,,"MedicinalProductDefinition.name",1,*,"","ele-1:All FHIR elements must have a @value or children {hasValue() or (children().count() > id.count())}
","Medicinal Product Name"
"MedicinalProductDefinition.name.id","","","",0,1,"","","","id {[]} {[]}
","Unique id for inter-element referencing","Unique id for the element within a resource (for internal references). This may be any string value that does not contain spaces.","","","","","","","","","",,,,,"",,,,"Element.id",0,1,"","","n/a"
"MedicinalProductDefinition.name.extension","","extensions
user content","",0,*,"","","","Extension {[]} {[]}
","Additional content defined by implementations","May be used to represent additional information that is not part of the basic definition of the element. To make the use of extensions safe and manageable, there is a strict set of governance  applied to the definition and use of extensions. Though any implementer can define an extension, there is a set of requirements that SHALL be met as part of the definition of the extension.","There can be no stigma associated with the use of extensions by any application, project, or standard - regardless of the institution or jurisdiction that uses or defines the extensions.  The use of extensions is what allows the FHIR specification to retain a core level of simplicity for everyone.","","","","","","","","",,,,,"",,,,"Element.extension",0,*,"","ele-1:All FHIR elements must have a @value or children {hasValue() or (children().count() > id.count())}
ext-1:Must have either extensions or value[x], not both {extension.exists() != value.exists()}","n/a"
"MedicinalProductDefinition.name.modifierExtension","","extensions
user contentmodifiers","",0,*,"","Y","Y","Extension {[]} {[]}
","Extensions that cannot be ignored even if unrecognized","May be used to represent additional information that is not part of the basic definition of the element and that modifies the understanding of the element in which it is contained and/or the understanding of the containing element's descendants. Usually modifier elements provide negation or qualification. To make the use of extensions safe and manageable, there is a strict set of governance applied to the definition and use of extensions. Though any implementer can define an extension, there is a set of requirements that SHALL be met as part of the definition of the extension. Applications processing a resource are required to check for modifier extensions.

Modifier extensions SHALL NOT change the meaning of any elements on Resource or DomainResource (including cannot change the meaning of modifierExtension itself).","There can be no stigma associated with the use of extensions by any application, project, or standard - regardless of the institution or jurisdiction that uses or defines the extensions.  The use of extensions is what allows the FHIR specification to retain a core level of simplicity for everyone.","Modifier extensions allow for extensions that *cannot* be safely ignored to be clearly distinguished from the vast majority of extensions which can be safely ignored.  This promotes interoperability by eliminating the need for implementers to prohibit the presence of extensions. For further information, see the [definition of modifier extensions](http://build.fhir.org/extensibility.html#modifierExtension).","","","","","","","",,,,,"",,,,"BackboneElement.modifierExtension",0,*,"","ele-1:All FHIR elements must have a @value or children {hasValue() or (children().count() > id.count())}
ext-1:Must have either extensions or value[x], not both {extension.exists() != value.exists()}","N/A"
"MedicinalProductDefinition.name.productName","","","",1,1,"Y","","Y","string {[]} {[]}
","Product Proprietary name/ Product Non-proprietary Name","The full product name.","","","","","","","","","",,,,,"",,,,"MedicinalProductDefinition.name.productName",1,1,"","ele-1:All FHIR elements must have a @value or children {hasValue() or (children().count() > id.count())}
","Medicinal Product Name.Full Name"
"MedicinalProductDefinition.name.type","","","",1,1,"Y","","Y","CodeableConcept {[]} {[]}
","Type of product name, such as rINN, BAN, Proprietary, Non-Proprietary","Type of product name, such as rINN, BAN, Proprietary, Non-Proprietary.","","","","","","","","","",,"example","Type of a name for a Medicinal Product.","http://hl7.org/fhir/ValueSet/medicinal-product-name-type","",,,,"MedicinalProductDefinition.name.type",0,1,"","ele-1:All FHIR elements must have a @value or children {hasValue() or (children().count() > id.count())}
","n/a"
"MedicinalProductDefinition.name.namePart","","","",0,*,"","","Y","BackboneElement {[]} {[]}
","Coding words or phrases of the name","Coding words or phrases of the name.","","","","","","","","","",,,,,"",,,,"MedicinalProductDefinition.name.namePart",0,*,"","ele-1:All FHIR elements must have a @value or children {hasValue() or (children().count() > id.count())}
","(any and all of the name parts e.g. Medicinal Product Name.Formulation Part)"
"MedicinalProductDefinition.name.namePart.id","","","",0,1,"","","","id {[]} {[]}
","Unique id for inter-element referencing","Unique id for the element within a resource (for internal references). This may be any string value that does not contain spaces.","","","","","","","","","",,,,,"",,,,"Element.id",0,1,"","","n/a"
"MedicinalProductDefinition.name.namePart.extension","","extensions
user content","",0,*,"","","","Extension {[]} {[]}
","Additional content defined by implementations","May be used to represent additional information that is not part of the basic definition of the element. To make the use of extensions safe and manageable, there is a strict set of governance  applied to the definition and use of extensions. Though any implementer can define an extension, there is a set of requirements that SHALL be met as part of the definition of the extension.","There can be no stigma associated with the use of extensions by any application, project, or standard - regardless of the institution or jurisdiction that uses or defines the extensions.  The use of extensions is what allows the FHIR specification to retain a core level of simplicity for everyone.","","","","","","","","",,,,,"",,,,"Element.extension",0,*,"","ele-1:All FHIR elements must have a @value or children {hasValue() or (children().count() > id.count())}
ext-1:Must have either extensions or value[x], not both {extension.exists() != value.exists()}","n/a"
"MedicinalProductDefinition.name.namePart.modifierExtension","","extensions
user contentmodifiers","",0,*,"","Y","Y","Extension {[]} {[]}
","Extensions that cannot be ignored even if unrecognized","May be used to represent additional information that is not part of the basic definition of the element and that modifies the understanding of the element in which it is contained and/or the understanding of the containing element's descendants. Usually modifier elements provide negation or qualification. To make the use of extensions safe and manageable, there is a strict set of governance applied to the definition and use of extensions. Though any implementer can define an extension, there is a set of requirements that SHALL be met as part of the definition of the extension. Applications processing a resource are required to check for modifier extensions.

Modifier extensions SHALL NOT change the meaning of any elements on Resource or DomainResource (including cannot change the meaning of modifierExtension itself).","There can be no stigma associated with the use of extensions by any application, project, or standard - regardless of the institution or jurisdiction that uses or defines the extensions.  The use of extensions is what allows the FHIR specification to retain a core level of simplicity for everyone.","Modifier extensions allow for extensions that *cannot* be safely ignored to be clearly distinguished from the vast majority of extensions which can be safely ignored.  This promotes interoperability by eliminating the need for implementers to prohibit the presence of extensions. For further information, see the [definition of modifier extensions](http://build.fhir.org/extensibility.html#modifierExtension).","","","","","","","",,,,,"",,,,"BackboneElement.modifierExtension",0,*,"","ele-1:All FHIR elements must have a @value or children {hasValue() or (children().count() > id.count())}
ext-1:Must have either extensions or value[x], not both {extension.exists() != value.exists()}","N/A"
"MedicinalProductDefinition.name.namePart.part","","","",1,1,"","","Y","string {[]} {[]}
","A fragment of a product name","A fragment of a product name.","","","","","","","","","",,,,,"",,,,"MedicinalProductDefinition.name.namePart.part",1,1,"","ele-1:All FHIR elements must have a @value or children {hasValue() or (children().count() > id.count())}
","(text of any of the name parts e.g. Medicinal Product Name.Formulation Part)"
"MedicinalProductDefinition.name.namePart.type","","","",1,1,"","","Y","CodeableConcept {[]} {[]}
","Identifying type for this part of the name (e.g. strength part)","Identifying type for this part of the name (e.g. strength part).","","","","","","","","","",,"example","Type of part of a name for a Medicinal Product.","http://hl7.org/fhir/ValueSet/medicinal-product-name-part-type","",,,,"MedicinalProductDefinition.name.namePart.type",1,1,"","ele-1:All FHIR elements must have a @value or children {hasValue() or (children().count() > id.count())}
","(which of the name parts this is e.g. Formulation Part)"
"MedicinalProductDefinition.name.countryLanguage","","","",0,*,"","","Y","BackboneElement {[]} {[]}
","Country and jurisdiction where the name applies","Country and jurisdiction where the name applies, and associated language.","","","","","","","","","",,,,,"",,,,"MedicinalProductDefinition.name.countryLanguage",0,*,"","ele-1:All FHIR elements must have a @value or children {hasValue() or (children().count() > id.count())}
","Country / Language"
"MedicinalProductDefinition.name.countryLanguage.id","","","",0,1,"","","","id {[]} {[]}
","Unique id for inter-element referencing","Unique id for the element within a resource (for internal references). This may be any string value that does not contain spaces.","","","","","","","","","",,,,,"",,,,"Element.id",0,1,"","","n/a"
"MedicinalProductDefinition.name.countryLanguage.extension","","extensions
user content","",0,*,"","","","Extension {[]} {[]}
","Additional content defined by implementations","May be used to represent additional information that is not part of the basic definition of the element. To make the use of extensions safe and manageable, there is a strict set of governance  applied to the definition and use of extensions. Though any implementer can define an extension, there is a set of requirements that SHALL be met as part of the definition of the extension.","There can be no stigma associated with the use of extensions by any application, project, or standard - regardless of the institution or jurisdiction that uses or defines the extensions.  The use of extensions is what allows the FHIR specification to retain a core level of simplicity for everyone.","","","","","","","","",,,,,"",,,,"Element.extension",0,*,"","ele-1:All FHIR elements must have a @value or children {hasValue() or (children().count() > id.count())}
ext-1:Must have either extensions or value[x], not both {extension.exists() != value.exists()}","n/a"
"MedicinalProductDefinition.name.countryLanguage.modifierExtension","","extensions
user contentmodifiers","",0,*,"","Y","Y","Extension {[]} {[]}
","Extensions that cannot be ignored even if unrecognized","May be used to represent additional information that is not part of the basic definition of the element and that modifies the understanding of the element in which it is contained and/or the understanding of the containing element's descendants. Usually modifier elements provide negation or qualification. To make the use of extensions safe and manageable, there is a strict set of governance applied to the definition and use of extensions. Though any implementer can define an extension, there is a set of requirements that SHALL be met as part of the definition of the extension. Applications processing a resource are required to check for modifier extensions.

Modifier extensions SHALL NOT change the meaning of any elements on Resource or DomainResource (including cannot change the meaning of modifierExtension itself).","There can be no stigma associated with the use of extensions by any application, project, or standard - regardless of the institution or jurisdiction that uses or defines the extensions.  The use of extensions is what allows the FHIR specification to retain a core level of simplicity for everyone.","Modifier extensions allow for extensions that *cannot* be safely ignored to be clearly distinguished from the vast majority of extensions which can be safely ignored.  This promotes interoperability by eliminating the need for implementers to prohibit the presence of extensions. For further information, see the [definition of modifier extensions](http://build.fhir.org/extensibility.html#modifierExtension).","","","","","","","",,,,,"",,,,"BackboneElement.modifierExtension",0,*,"","ele-1:All FHIR elements must have a @value or children {hasValue() or (children().count() > id.count())}
ext-1:Must have either extensions or value[x], not both {extension.exists() != value.exists()}","N/A"
"MedicinalProductDefinition.name.countryLanguage.country","","","",1,1,"","","Y","CodeableConcept {[]} {[]}
","Country code for where this name applies","Country code for where this name applies.","","","","","","","","","",,"example","Jurisdiction codes","http://hl7.org/fhir/ValueSet/country","",,,,"MedicinalProductDefinition.name.countryLanguage.country",1,1,"","ele-1:All FHIR elements must have a @value or children {hasValue() or (children().count() > id.count())}
","Country / Language.Country"
"MedicinalProductDefinition.name.countryLanguage.jurisdiction","","","",0,1,"","","Y","CodeableConcept {[]} {[]}
","Jurisdiction code for where this name applies","Jurisdiction code for where this name applies. A jurisdiction may be a sub- or supra-national entity (e.g. a state or a geographic region).","","","","","","","","","",,"example","Jurisdiction codes","http://hl7.org/fhir/ValueSet/jurisdiction","",,,,"MedicinalProductDefinition.name.countryLanguage.jurisdiction",0,1,"","ele-1:All FHIR elements must have a @value or children {hasValue() or (children().count() > id.count())}
","Country / Language.Jurisdiction"
"MedicinalProductDefinition.name.countryLanguage.language","","","",1,1,"","","Y","CodeableConcept {[]} {[]}
","Language code for this name","Language code for this name.","","","","","","","","","",,"preferred","IETF language tag","http://hl7.org/fhir/ValueSet/languages","",,,,"MedicinalProductDefinition.name.countryLanguage.language",1,1,"","ele-1:All FHIR elements must have a @value or children {hasValue() or (children().count() > id.count())}
","Country / Language.Language"
"MedicinalProductDefinition.crossReference","","","",0,*,"","","Y","BackboneElement {[]} {[]}
","Reference to another product, e.g. for linking authorised to investigational product","Reference to another product, e.g. for linking authorised to investigational product, or a virtual product.","","","","","","","","","",,,,,"",,,,"MedicinalProductDefinition.crossReference",0,*,"","ele-1:All FHIR elements must have a @value or children {hasValue() or (children().count() > id.count())}
","Product Cross-Reference"
"MedicinalProductDefinition.crossReference.id","","","",0,1,"","","","id {[]} {[]}
","Unique id for inter-element referencing","Unique id for the element within a resource (for internal references). This may be any string value that does not contain spaces.","","","","","","","","","",,,,,"",,,,"Element.id",0,1,"","","n/a"
"MedicinalProductDefinition.crossReference.extension","","extensions
user content","",0,*,"","","","Extension {[]} {[]}
","Additional content defined by implementations","May be used to represent additional information that is not part of the basic definition of the element. To make the use of extensions safe and manageable, there is a strict set of governance  applied to the definition and use of extensions. Though any implementer can define an extension, there is a set of requirements that SHALL be met as part of the definition of the extension.","There can be no stigma associated with the use of extensions by any application, project, or standard - regardless of the institution or jurisdiction that uses or defines the extensions.  The use of extensions is what allows the FHIR specification to retain a core level of simplicity for everyone.","","","","","","","","",,,,,"",,,,"Element.extension",0,*,"","ele-1:All FHIR elements must have a @value or children {hasValue() or (children().count() > id.count())}
ext-1:Must have either extensions or value[x], not both {extension.exists() != value.exists()}","n/a"
"MedicinalProductDefinition.crossReference.modifierExtension","","extensions
user contentmodifiers","",0,*,"","Y","Y","Extension {[]} {[]}
","Extensions that cannot be ignored even if unrecognized","May be used to represent additional information that is not part of the basic definition of the element and that modifies the understanding of the element in which it is contained and/or the understanding of the containing element's descendants. Usually modifier elements provide negation or qualification. To make the use of extensions safe and manageable, there is a strict set of governance applied to the definition and use of extensions. Though any implementer can define an extension, there is a set of requirements that SHALL be met as part of the definition of the extension. Applications processing a resource are required to check for modifier extensions.

Modifier extensions SHALL NOT change the meaning of any elements on Resource or DomainResource (including cannot change the meaning of modifierExtension itself).","There can be no stigma associated with the use of extensions by any application, project, or standard - regardless of the institution or jurisdiction that uses or defines the extensions.  The use of extensions is what allows the FHIR specification to retain a core level of simplicity for everyone.","Modifier extensions allow for extensions that *cannot* be safely ignored to be clearly distinguished from the vast majority of extensions which can be safely ignored.  This promotes interoperability by eliminating the need for implementers to prohibit the presence of extensions. For further information, see the [definition of modifier extensions](http://build.fhir.org/extensibility.html#modifierExtension).","","","","","","","",,,,,"",,,,"BackboneElement.modifierExtension",0,*,"","ele-1:All FHIR elements must have a @value or children {hasValue() or (children().count() > id.count())}
ext-1:Must have either extensions or value[x], not both {extension.exists() != value.exists()}","N/A"
"MedicinalProductDefinition.crossReference.product","","","",1,1,"","","Y","CodeableReference {[]} {[CanonicalType[http://hl7.org/fhir/StructureDefinition/MedicinalProductDefinition]]}
","Reference to another product, e.g. for linking authorised to investigational product","Reference to another product, e.g. for linking authorised to investigational product.","","","","","","","","","",,,,,"",,,,"MedicinalProductDefinition.crossReference.product",1,1,"","ele-1:All FHIR elements must have a @value or children {hasValue() or (children().count() > id.count())}
","Product Cross-Reference"
"MedicinalProductDefinition.crossReference.type","","","",0,1,"","","Y","CodeableConcept {[]} {[]}
","The type of relationship, for instance branded to generic or virtual to actual product","The type of relationship, for instance branded to generic, virtual to actual product, product to development product (investigational), parallel import version.","","","","","","","","","",,"example","Extra measures defined for a Medicinal Product, such as heightened reporting requirements.","http://hl7.org/fhir/ValueSet/medicinal-product-cross-reference-type","",,,,"MedicinalProductDefinition.crossReference.type",0,1,"","ele-1:All FHIR elements must have a @value or children {hasValue() or (children().count() > id.count())}
","Product Cross-Reference"
"MedicinalProductDefinition.operation","","","",1,*,"Y","","Y","BackboneElement {[]} {[]}
","A manufacturing or administrative process for the medicinal product","A manufacturing or administrative process or step associated with (or performed on) the medicinal product.","","","","","","","","","",,,,,"",,,,"MedicinalProductDefinition.operation",0,*,"","ele-1:All FHIR elements must have a @value or children {hasValue() or (children().count() > id.count())}
","Manufacturing / Business Operation"
"MedicinalProductDefinition.operation.id","","","",0,1,"","","","id {[]} {[]}
","Unique id for inter-element referencing","Unique id for the element within a resource (for internal references). This may be any string value that does not contain spaces.","","","","","","","","","",,,,,"",,,,"Element.id",0,1,"","","n/a"
"MedicinalProductDefinition.operation.extension","","extensions
user content","",0,*,"","","","Extension {[]} {[]}
","Additional content defined by implementations","May be used to represent additional information that is not part of the basic definition of the element. To make the use of extensions safe and manageable, there is a strict set of governance  applied to the definition and use of extensions. Though any implementer can define an extension, there is a set of requirements that SHALL be met as part of the definition of the extension.","There can be no stigma associated with the use of extensions by any application, project, or standard - regardless of the institution or jurisdiction that uses or defines the extensions.  The use of extensions is what allows the FHIR specification to retain a core level of simplicity for everyone.","","","","","","","","",,,,,"",,,,"Element.extension",0,*,"","ele-1:All FHIR elements must have a @value or children {hasValue() or (children().count() > id.count())}
ext-1:Must have either extensions or value[x], not both {extension.exists() != value.exists()}","n/a"
"MedicinalProductDefinition.operation.modifierExtension","","extensions
user contentmodifiers","",0,*,"","Y","Y","Extension {[]} {[]}
","Extensions that cannot be ignored even if unrecognized","May be used to represent additional information that is not part of the basic definition of the element and that modifies the understanding of the element in which it is contained and/or the understanding of the containing element's descendants. Usually modifier elements provide negation or qualification. To make the use of extensions safe and manageable, there is a strict set of governance applied to the definition and use of extensions. Though any implementer can define an extension, there is a set of requirements that SHALL be met as part of the definition of the extension. Applications processing a resource are required to check for modifier extensions.

Modifier extensions SHALL NOT change the meaning of any elements on Resource or DomainResource (including cannot change the meaning of modifierExtension itself).","There can be no stigma associated with the use of extensions by any application, project, or standard - regardless of the institution or jurisdiction that uses or defines the extensions.  The use of extensions is what allows the FHIR specification to retain a core level of simplicity for everyone.","Modifier extensions allow for extensions that *cannot* be safely ignored to be clearly distinguished from the vast majority of extensions which can be safely ignored.  This promotes interoperability by eliminating the need for implementers to prohibit the presence of extensions. For further information, see the [definition of modifier extensions](http://build.fhir.org/extensibility.html#modifierExtension).","","","","","","","",,,,,"",,,,"BackboneElement.modifierExtension",0,*,"","ele-1:All FHIR elements must have a @value or children {hasValue() or (children().count() > id.count())}
ext-1:Must have either extensions or value[x], not both {extension.exists() != value.exists()}","N/A"
"MedicinalProductDefinition.operation.type","","","",1,1,"Y","","Y","CodeableReference {[]} {[CanonicalType[http://hl7.org/fhir/StructureDefinition/ActivityDefinition], CanonicalType[http://hl7.org/fhir/StructureDefinition/PlanDefinition]]}
","Batch Ingredient","The type of manufacturing operation e.g. manufacturing itself, re-packaging. For the authorization of this, a RegulatedAuthorization would point to the same plan or activity referenced here.","","","","","","","","","",,,,,"",,,,"MedicinalProductDefinition.operation.type",0,1,"","ele-1:All FHIR elements must have a @value or children {hasValue() or (children().count() > id.count())}
","Manufacturing / Business Operation.Operation Type"
"MedicinalProductDefinition.operation.type.id","","","",0,1,"","","","string {[]} {[]}
","Unique id for inter-element referencing","Unique id for the element within a resource (for internal references). This may be any string value that does not contain spaces.","","","","","","","","","",,,,,"",,,,"Element.id",0,1,"","","n/a"
"MedicinalProductDefinition.operation.type.extension","","extensions
user content","",0,*,"","","","Extension {[]} {[]}
","Additional content defined by implementations","May be used to represent additional information that is not part of the basic definition of the element. To make the use of extensions safe and manageable, there is a strict set of governance  applied to the definition and use of extensions. Though any implementer can define an extension, there is a set of requirements that SHALL be met as part of the definition of the extension.","There can be no stigma associated with the use of extensions by any application, project, or standard - regardless of the institution or jurisdiction that uses or defines the extensions.  The use of extensions is what allows the FHIR specification to retain a core level of simplicity for everyone.","","","","","","","","",,,,,"","value:url}
","Extensions are always sliced by (at least) url",,"open","Element.extension",0,*,"","ele-1:All FHIR elements must have a @value or children {hasValue() or (children().count() > id.count())}
ext-1:Must have either extensions or value[x], not both {extension.exists() != value.exists()}","n/a"
"MedicinalProductDefinition.operation.type.concept","","","",0,1,"","","Y","CodeableConcept {[]} {[]}
","Reference to a concept (by class)","A reference to a concept - e.g. the information is identified by its general class to the degree of precision found in the terminology.","","","","","","","","","",,,,,"",,,,"CodeableReference.concept",0,1,"","ele-1:All FHIR elements must have a @value or children {hasValue() or (children().count() > id.count())}
","N/A"
"MedicinalProductDefinition.operation.type.reference","","","",1,1,"Y","","Y","Reference {[]} {[CanonicalType[http://hl7.org/fhir/us/pq-cmc/StructureDefinition/pqcmc-batch-ingredient]]}
","Reference to a resource (by instance)","A reference to a resource the provides exact details about the information being referenced.","","","","","","","","","",,,,,"",,,,"CodeableReference.reference",0,1,"","ele-1:All FHIR elements must have a @value or children {hasValue() or (children().count() > id.count())}
","N/A"
"MedicinalProductDefinition.operation.effectiveDate","","","",0,1,"","","Y","Period {[]} {[]}
","Date range of applicability","Date range of applicability.","","","","","","","","","",,,,,"",,,,"MedicinalProductDefinition.operation.effectiveDate",0,1,"","ele-1:All FHIR elements must have a @value or children {hasValue() or (children().count() > id.count())}
","Manufacturing / Business Operation.Effective Date"
"MedicinalProductDefinition.operation.organization","","","",0,*,"","","Y","Reference {[]} {[CanonicalType[http://hl7.org/fhir/StructureDefinition/Organization]]}
","The organization responsible for the particular process, e.g. the manufacturer or importer","The organization or establishment responsible for (or associated with) the particular process or step, examples include the manufacturer, importer, agent.","","","","","","","","","",,,,,"",,,,"MedicinalProductDefinition.operation.organization",0,*,"","ele-1:All FHIR elements must have a @value or children {hasValue() or (children().count() > id.count())}
","Manufacturer / Establishment (Organisation)"
"MedicinalProductDefinition.operation.confidentialityIndicator","","","",0,1,"","","Y","CodeableConcept {[]} {[]}
","Specifies whether this process is considered proprietary or confidential","Specifies whether this particular business or manufacturing process is considered proprietary or confidential.","","","","","","","","","",,"example","Confidentiality rating, e.g. commercial sensitivity for a Medicinal Product.","http://hl7.org/fhir/ValueSet/medicinal-product-confidentiality","",,,,"MedicinalProductDefinition.operation.confidentialityIndicator",0,1,"","ele-1:All FHIR elements must have a @value or children {hasValue() or (children().count() > id.count())}
","Manufacturing / Business Operation.Confidentiality Indicator"
"MedicinalProductDefinition.characteristic","","","",0,*,"","","Y","BackboneElement {[]} {[]}
","Key product features such as ""sugar free"", ""modified release""","Allows the key product features to be recorded, such as ""sugar free"", ""modified release"", ""parallel import"".","","","","","","","","","",,,,,"",,,,"MedicinalProductDefinition.characteristic",0,*,"","ele-1:All FHIR elements must have a @value or children {hasValue() or (children().count() > id.count())}
","Package Item (Container).Physical Characteristics"
"MedicinalProductDefinition.characteristic.id","","","",0,1,"","","","id {[]} {[]}
","Unique id for inter-element referencing","Unique id for the element within a resource (for internal references). This may be any string value that does not contain spaces.","","","","","","","","","",,,,,"",,,,"Element.id",0,1,"","","n/a"
"MedicinalProductDefinition.characteristic.extension","","extensions
user content","",0,*,"","","","Extension {[]} {[]}
","Additional content defined by implementations","May be used to represent additional information that is not part of the basic definition of the element. To make the use of extensions safe and manageable, there is a strict set of governance  applied to the definition and use of extensions. Though any implementer can define an extension, there is a set of requirements that SHALL be met as part of the definition of the extension.","There can be no stigma associated with the use of extensions by any application, project, or standard - regardless of the institution or jurisdiction that uses or defines the extensions.  The use of extensions is what allows the FHIR specification to retain a core level of simplicity for everyone.","","","","","","","","",,,,,"",,,,"Element.extension",0,*,"","ele-1:All FHIR elements must have a @value or children {hasValue() or (children().count() > id.count())}
ext-1:Must have either extensions or value[x], not both {extension.exists() != value.exists()}","n/a"
"MedicinalProductDefinition.characteristic.modifierExtension","","extensions
user contentmodifiers","",0,*,"","Y","Y","Extension {[]} {[]}
","Extensions that cannot be ignored even if unrecognized","May be used to represent additional information that is not part of the basic definition of the element and that modifies the understanding of the element in which it is contained and/or the understanding of the containing element's descendants. Usually modifier elements provide negation or qualification. To make the use of extensions safe and manageable, there is a strict set of governance applied to the definition and use of extensions. Though any implementer can define an extension, there is a set of requirements that SHALL be met as part of the definition of the extension. Applications processing a resource are required to check for modifier extensions.

Modifier extensions SHALL NOT change the meaning of any elements on Resource or DomainResource (including cannot change the meaning of modifierExtension itself).","There can be no stigma associated with the use of extensions by any application, project, or standard - regardless of the institution or jurisdiction that uses or defines the extensions.  The use of extensions is what allows the FHIR specification to retain a core level of simplicity for everyone.","Modifier extensions allow for extensions that *cannot* be safely ignored to be clearly distinguished from the vast majority of extensions which can be safely ignored.  This promotes interoperability by eliminating the need for implementers to prohibit the presence of extensions. For further information, see the [definition of modifier extensions](http://build.fhir.org/extensibility.html#modifierExtension).","","","","","","","",,,,,"",,,,"BackboneElement.modifierExtension",0,*,"","ele-1:All FHIR elements must have a @value or children {hasValue() or (children().count() > id.count())}
ext-1:Must have either extensions or value[x], not both {extension.exists() != value.exists()}","N/A"
"MedicinalProductDefinition.characteristic.type","","","",1,1,"","","Y","CodeableConcept {[]} {[]}
","A code expressing the type of characteristic","A code expressing the type of characteristic.","","","","","","","","","",,"example","This value set includes all observable entity codes from SNOMED CT - provided as an exemplar value set.","http://hl7.org/fhir/ValueSet/product-characteristic-codes","",,,,"MedicinalProductDefinition.characteristic.type",1,1,"","ele-1:All FHIR elements must have a @value or children {hasValue() or (children().count() > id.count())}
","Physical Characteristics, all attributes"
"MedicinalProductDefinition.characteristic.value[x]","","","",0,1,"","","Y","CodeableConcept {[]} {[]}
Quantity {[]} {[]}date {[]} {[]}boolean {[]} {[]}Attachment {[]} {[]}","A value for the characteristic","A value for the characteristic.","","","","","","","","","",,,,,"",,,,"MedicinalProductDefinition.characteristic.value[x]",0,1,"","ele-1:All FHIR elements must have a @value or children {hasValue() or (children().count() > id.count())}
","Physical Characteristics, attribute's value"
