<?xml version="1.0" encoding="UTF-8"?>

<ValueSet xmlns="http://hl7.org/fhir">
  <id value="vsPqcmccProductRelatedImpurityCategoryTerminology"/>
  <text>
    <status value="generated"/><div xmlns="http://www.w3.org/1999/xhtml"><ul><li>Include these codes as defined in <code>http://ncicb.nci.nih.gov/xml/owl/EVS/Thesaurus.owl</code><table class="none"><tr><td style="white-space:nowrap"><b>Code</b></td><td><b>Display</b></td></tr><tr><td>C176816</td><td>Degradants</td></tr><tr><td>C176813</td><td>Product Related</td></tr></table></li></ul></div>
  </text>
  <url value="http://example.org/ValueSet/vsPqcmccProductRelatedImpurityCategoryTerminology"/>
  <version value="0.1.0"/>
  <name value="PqcmcProductRelatedImpurityCategoryTerminology"/>
  <status value="active"/>
  <date value="2021-12-07T01:03:31-05:00"/>
  <publisher value="Example Publisher"/>
  <contact>
    <name value="Example Publisher"/>
    <telecom>
      <system value="url"/>
      <value value="http://example.org/example-publisher"/>
    </telecom>
  </contact>
  <description value="Terminology used to qualify the information pertaining to product related impurity categories in the framework of the Pharmaceutical Quality/Chemistry, Manufacturing and Controls documents."/>
  <compose>
    <include>
      <system value="http://ncicb.nci.nih.gov/xml/owl/EVS/Thesaurus.owl"/>
      <concept>
        <code value="C176816"/>
        <display value="Degradants"/>
      </concept>
      <concept>
        <code value="C176813"/>
        <display value="Product Related"/>
      </concept>
    </include>
  </compose>
</ValueSet>