<?xml version="1.0" encoding="UTF-8"?>

<ValueSet xmlns="http://hl7.org/fhir">
  <id value="valuset-TestMethodOrigin"/>
  <text>
    <status value="generated"/><div xmlns="http://www.w3.org/1999/xhtml"><ul><li>Include these codes as defined in <code>http://ncicb.nci.nih.gov/xml/owl/EVS/Thesaurus.owl</code><table class="none"><tr><td style="white-space:nowrap"><b>Code</b></td><td><b>Display</b></td></tr><tr><td>C96164</td><td>CFR</td></tr><tr><td>C96102</td><td>Compendial</td></tr><tr><td>C96103</td><td>Proprietary</td></tr></table></li></ul></div>
  </text>
  <url value="https://www.hl7.org/fhir/us-pq-cmc/ValueSet/valuset-TestMethodOrigin"/>
  <version value="current"/>
  <name value="TestMethodOrigin"/>
  <title value="PQ/CMC Test Usage Terminology"/>
  <status value="active"/>
  <date value="2021-11-05T20:46:56-04:00"/>
  <publisher value="Food and Drug Administration (FDA) and the National Cancer Institute&#39;s Thesaurus (NCIt)"/>
  <description value="Terminology used to qualify the information pertaining to test usage in the framework of the Pharmaceutical Quality/Chemistry, Manufacturing and Controls documents."/>
  <compose>
    <include>
      <system value="http://ncicb.nci.nih.gov/xml/owl/EVS/Thesaurus.owl"/>
      <concept>
        <code value="C96164"/>
        <display value="CFR"/>
      </concept>
      <concept>
        <code value="C96102"/>
        <display value="Compendial"/>
      </concept>
      <concept>
        <code value="C96103"/>
        <display value="Proprietary"/>
      </concept>
    </include>
  </compose>
</ValueSet>