{
  "resourceType": "ValueSet",
  "id": "valuset-SpecificationStatus",
  "text": {
    "status": "generated",
    "div": "<div xmlns=\"http://www.w3.org/1999/xhtml\"><ul><li>Include these codes as defined in <code>urn:oid:2.16.840.1.113883.3.26.1.1</code><table class=\"none\"><tr><td style=\"white-space:nowrap\"><b>Code</b></td><td><b>Display</b></td></tr><tr><td>C25425</td><td>Approved</td></tr><tr><td>C48660</td><td>Not Applicable</td></tr><tr><td>C134011</td><td>Not Approved</td></tr><tr><td>C134012</td><td>Reported in a CBE or AR</td></tr><tr><td>C134010</td><td>Tentatively Approved</td></tr></table></li></ul></div>"
  },
  "url": "https://www.hl7.org/fhir/us-pq-cmc/ValueSet/valuset-SpecificationStatus",
  "version": "current",
  "name": "SpecificationStatus",
  "title": "PQ/CMC Specification Status Terminology",
  "status": "active",
  "date": "2021-04-13T00:29:45-04:00",
  "publisher": "Food and Drug Administration (FDA) and the National Cancer Institute's Thesaurus (NCIt)",
  "description": "Terminology used to qualify the information pertaining to specification statuses in the framework of the Pharmaceutical Quality/Chemistry, Manufacturing and Controls documents.",
  "compose": {
    "include": [
      {
        "system": "urn:oid:2.16.840.1.113883.3.26.1.1",
        "concept": [
          {
            "code": "C25425",
            "display": "Approved"
          },
          {
            "code": "C48660",
            "display": "Not Applicable"
          },
          {
            "code": "C134011",
            "display": "Not Approved"
          },
          {
            "code": "C134012",
            "display": "Reported in a CBE or AR"
          },
          {
            "code": "C134010",
            "display": "Tentatively Approved"
          }
        ]
      }
    ]
  }
}