{"resourceType":"ValueSet","id":"vsPqcmccChemicalStructureDataFileOriginTerminology","text":{"status":"generated","div":"<div xmlns=\"http://www.w3.org/1999/xhtml\"><ul><li>Include these codes as defined in <code>http://ncicb.nci.nih.gov/xml/owl/EVS/Thesaurus.owl</code><table class=\"none\"><tr><td style=\"white-space:nowrap\"><b>Code</b></td><td><b>Display</b></td></tr><tr><td>C16275</td><td>Calculated</td></tr><tr><td>C133995</td><td>Experimental</td></tr></table></li></ul></div>"},"url":"http://example.org/ValueSet/vsPqcmccChemicalStructureDataFileOriginTerminology","version":"0.1.0","name":"PqcmcCChemicalStructureDataFileOriginTerminology","status":"active","date":"2021-12-07T01:03:31-05:00","publisher":"Example Publisher","contact":[{"name":"Example Publisher","telecom":[{"system":"url","value":"http://example.org/example-publisher"}]}],"description":"Terminology used to qualify the information pertaining to chemical structure data file origins in the framework of the Pharmaceutical Quality/Chemistry, Manufacturing and Controls documents.","compose":{"include":[{"system":"http://ncicb.nci.nih.gov/xml/owl/EVS/Thesaurus.owl","concept":[{"code":"C16275","display":"Calculated"},{"code":"C133995","display":"Experimental"}]}]}}