{"resourceType":"ValueSet","id":"valuset-TestingSiteUniqueIdentifierType","text":{"status":"generated","div":"<div xmlns=\"http://www.w3.org/1999/xhtml\"><ul><li>Include these codes as defined in <code>urn:oid:2.16.840.1.113883.3.26.1.1</code><table class=\"none\"><tr><td style=\"white-space:nowrap\"><b>Code</b></td><td><b>Display</b></td></tr><tr><td>C134005</td><td>CFN</td></tr><tr><td>C134003</td><td>DUNS</td></tr><tr><td>C134004</td><td>FEI</td></tr><tr><td>C17998</td><td>Unknown</td></tr></table></li></ul></div>"},"url":"https://www.hl7.org/fhir/us-pq-cmc/ValueSet/valuset-TestingSiteUniqueIdentifierType","version":"current","name":"TestingSiteUniqueIdentifierType","title":"PQ/CMC Test Method Origin Terminology","status":"active","date":"2021-04-13T00:29:45-04:00","publisher":"Food and Drug Administration (FDA) and the National Cancer Institute's Thesaurus (NCIt)","description":"Terminology used to qualify the information pertaining to test method origins in the framework of the Pharmaceutical Quality/Chemistry, Manufacturing and Controls documents.","compose":{"include":[{"system":"urn:oid:2.16.840.1.113883.3.26.1.1","concept":[{"code":"C134005","display":"CFN"},{"code":"C134003","display":"DUNS"},{"code":"C134004","display":"FEI"},{"code":"C17998","display":"Unknown"}]}]}}