{"resourceType":"ValueSet","id":"vsPqcmccDrugProductComponentFunctionCategoryTerminology","text":{"status":"generated","div":"<div xmlns=\"http://www.w3.org/1999/xhtml\"><ul><li>Include these codes as defined in <code>http://ncicb.nci.nih.gov/xml/owl/EVS/Thesaurus.owl</code><table class=\"none\"><tr><td style=\"white-space:nowrap\"><b>Code</b></td><td><b>Display</b></td></tr><tr><td>C82533</td><td>Active Ingredient</td></tr><tr><td>C2140</td><td>Adjuvant</td></tr><tr><td>C42637</td><td>Inactive Ingredient</td></tr></table></li></ul></div>"},"url":"http://example.org/ValueSet/vsPqcmccDrugProductComponentFunctionCategoryTerminology","version":"0.1.0","name":"PqcmcDrugProductComponentFunctionCategoryTerminology","status":"active","date":"2021-12-07T01:03:31-05:00","publisher":"Example Publisher","contact":[{"name":"Example Publisher","telecom":[{"system":"url","value":"http://example.org/example-publisher"}]}],"description":"Terminology used to qualify the information pertaining to drug product component function categories in the framework of the Pharmaceutical Quality/Chemistry, Manufacturing and Controls documents.","compose":{"include":[{"system":"http://ncicb.nci.nih.gov/xml/owl/EVS/Thesaurus.owl","concept":[{"code":"C82533","display":"Active Ingredient"},{"code":"C2140","display":"Adjuvant"},{"code":"C42637","display":"Inactive Ingredient"}]}]}}