{"resourceType":"ValueSet","id":"vsPqcmcSpecificationStatusTerminology","text":{"status":"generated","div":"<div xmlns=\"http://www.w3.org/1999/xhtml\"><ul><li>Include these codes as defined in <code>http://ncicb.nci.nih.gov/xml/owl/EVS/Thesaurus.owl1</code><table class=\"none\"><tr><td style=\"white-space:nowrap\"><b>Code</b></td><td><b>Display</b></td></tr><tr><td>C25425</td><td>Approved</td></tr><tr><td>C48660</td><td>Not Applicable</td></tr><tr><td>C134011</td><td>Not Approved</td></tr><tr><td>C134012</td><td>Reported in a CBE or AR</td></tr><tr><td>C134010</td><td>Tentatively Approved</td></tr></table></li></ul></div>"},"url":"http://hl7.org/fhir/us/pq-cmc/ValueSet/vsPqcmcSpecificationStatusTerminology","version":"0.1.0","name":"PqcmcSpecificationStatusTerminology","status":"active","date":"2022-03-10T00:19:40-05:00","publisher":"Biomedical Research and Regulatory WG","contact":[{"name":"Biomedical Research and Regulatory WG","telecom":[{"system":"url","value":"http://www.hl7.org/Special/committees/rcrim/index.cfm"}]}],"description":"Terminology used to qualify the information pertaining to specification statuses in the framework of the Pharmaceutical Quality/Chemistry, Manufacturing and Controls documents.","jurisdiction":[{"coding":[{"system":"urn:iso:std:iso:3166","code":"US","display":"United States of America"}]}],"compose":{"include":[{"system":"http://ncicb.nci.nih.gov/xml/owl/EVS/Thesaurus.owl1","concept":[{"code":"C25425","display":"Approved"},{"code":"C48660","display":"Not Applicable"},{"code":"C134011","display":"Not Approved"},{"code":"C134012","display":"Reported in a CBE or AR"},{"code":"C134010","display":"Tentatively Approved"}]}]}}