{"resourceType":"ValueSet","id":"vsPqcmccBatchUtilizationTerminology","text":{"status":"generated","div":"<div xmlns=\"http://www.w3.org/1999/xhtml\"><ul><li>Include these codes as defined in <code>http://ncicb.nci.nih.gov/xml/owl/EVS/Thesaurus.owl</code><table class=\"none\"><tr><td style=\"white-space:nowrap\"><b>Code</b></td><td><b>Display</b></td></tr><tr><td>C133994</td><td>Bioequivalence</td></tr><tr><td>C133992</td><td>Clinical</td></tr><tr><td>C133990</td><td>Commercial</td></tr><tr><td>C133991</td><td>Development</td></tr><tr><td>C133993</td><td>Validation</td></tr></table></li></ul></div>"},"url":"http://example.org/ValueSet/vsPqcmccBatchUtilizationTerminology","version":"0.1.0","name":"PqcmcCBatchUtilizationTerminology","status":"active","date":"2021-12-07T01:03:31-05:00","publisher":"Example Publisher","contact":[{"name":"Example Publisher","telecom":[{"system":"url","value":"http://example.org/example-publisher"}]}],"description":"Terminology used to qualify the information pertaining to batch utilization in the framework of the Pharmaceutical Quality/Chemistry, Manufacturing and Controls documents.","compose":{"include":[{"system":"http://ncicb.nci.nih.gov/xml/owl/EVS/Thesaurus.owl","concept":[{"code":"C133994","display":"Bioequivalence"},{"code":"C133992","display":"Clinical"},{"code":"C133990","display":"Commercial"},{"code":"C133991","display":"Development"},{"code":"C133993","display":"Validation"}]}]}}