{
  "resourceType": "ValueSet",
  "id": "vsPqcmccQualityBenchmarkTerminology",
  "text": {
    "status": "generated",
    "div": "<div xmlns=\"http://www.w3.org/1999/xhtml\"><ul><li>Include these codes as defined in <code>http://ncicb.nci.nih.gov/xml/owl/EVS/Thesaurus.owl</code><table class=\"none\"><tr><td style=\"white-space:nowrap\"><b>Code</b></td><td><b>Display</b></td></tr><tr><td>C176793</td><td>BP</td></tr><tr><td>C134009</td><td>Company Standard</td></tr><tr><td>C134007</td><td>EP</td></tr><tr><td>C134008</td><td>JP</td></tr><tr><td>C134006</td><td>USPNF</td></tr></table></li></ul></div>"
  },
  "url": "http://example.org/ValueSet/vsPqcmccQualityBenchmarkTerminology",
  "version": "0.1.0",
  "name": "PqcmcQualityBenchmarkTerminology",
  "status": "active",
  "date": "2021-12-07T01:03:31-05:00",
  "publisher": "Example Publisher",
  "contact": [
    {
      "name": "Example Publisher",
      "telecom": [
        {
          "system": "url",
          "value": "http://example.org/example-publisher"
        }
      ]
    }
  ],
  "description": "Terminology used to qualify the information pertaining to quality benchmarks in the framework of the Pharmaceutical Quality/Chemistry, Manufacturing and Controls documents.",
  "compose": {
    "include": [
      {
        "system": "http://ncicb.nci.nih.gov/xml/owl/EVS/Thesaurus.owl",
        "concept": [
          {
            "code": "C176793",
            "display": "BP"
          },
          {
            "code": "C134009",
            "display": "Company Standard"
          },
          {
            "code": "C134007",
            "display": "EP"
          },
          {
            "code": "C134008",
            "display": "JP"
          },
          {
            "code": "C134006",
            "display": "USPNF"
          }
        ]
      }
    ]
  }
}